Device port / pin,A0,A1,A2,A3,A4,A5,A6,A7,A8,A9,A10,A11,A12,A13,A14,A15,B0,B1,B2,B3,B4,B5,B6,B7,B8,B9,B10,B11,B12,B13,B14,B15,C0,C1,C2,C3,C4,C5,C6,C7,C8,C9,C10,C11,C12,C13,C14,C15,D0,D1,D2,D3,D4,D5,D6,D7,D8,D9,D10,D11,D12,D13,D14,D15,E0,E1,E2,E3,E4,E5,E6,E7,E8,E9,E10,E11,E12,E13,E14,E15,F0,F1,F2,F3,F4,F5,F6,F7,F8,F9,F10,F11,F12,F13,F14,F15,G0,G1,G2,G3,G4,G5,G6,G7,G8,G9,G10,G11,G12,G13,G14,G15
PIC24F16KA102 RPy,,,,,,,,,,,,,,,,,,,,,,,,,,,,,,,,,,,,,,,,,,,,,,,,,,,,,,,,,,,,,,,,,,,,,,,,,,,,,,,,,,,,,,,,,,,,,,,,,,,,,,,,,,,,,,,,
PIC24F16KA102 ANn,0,1,,,,,,,,,,,,,,,2,3,4,5,,,,,,,,,12,11,10,,,,,,,,,,,,,,,,,,,,,,,,,,,,,,,,,,,,,,,,,,,,,,,,,,,,,,,,,,,,,,,,,,,,,,,,,,,,,,,,,
PIC24F16KA102 CNm,2,3,30,29,0,,,,,,,,,,,,4,5,6,7,1,27,24,23,22,21,16,15,14,13,12,11,,,,,,,,,,,,,,,,,,,,,,,,,,,,,,,,,,,,,,,,,,,,,,,,,,,,,,,,,,,,,,,,,,,,,,,,,,,,,,,,
dsPIC33FJ12GP201 RPy,,,,,,,,,,,,,,,,,0,1,,,,,,,,,,,,,14,15,,,,,,,,,,,,,,,,,,,,,,,,,,,,,,,,,,,,,,,,,,,,,,,,,,,,,,,,,,,,,,,,,,,,,,,,,,,,,,,,
dsPIC33FJ12GP201 ANn,0,1,,,,,,,,,,,,,,,2,3,,,,,,,,,,,,,7,6,,,,,,,,,,,,,,,,,,,,,,,,,,,,,,,,,,,,,,,,,,,,,,,,,,,,,,,,,,,,,,,,,,,,,,,,,,,,,,,,
dsPIC33FJ12GP201 CNm,2,3,30,29,0,,,,,,,,,,,,4,5,,,1,,,23,22,21,,,,,12,11,,,,,,,,,,,,,,,,,,,,,,,,,,,,,,,,,,,,,,,,,,,,,,,,,,,,,,,,,,,,,,,,,,,,,,,,,,,,,,,,
dsPIC33FJ32GP202 RPy,,,,,,,,,,,,,,,,,0,1,2,3,,,,,,,,,12,13,14,15,,,,,,,,,,,,,,,,,,,,,,,,,,,,,,,,,,,,,,,,,,,,,,,,,,,,,,,,,,,,,,,,,,,,,,,,,,,,,,,,
dsPIC33FJ32GP202 ANn,0,1,,,,,,,,,,,,,,,2,3,4,5,,,,,,,,,12,11,10,9,,,,,,,,,,,,,,,,,,,,,,,,,,,,,,,,,,,,,,,,,,,,,,,,,,,,,,,,,,,,,,,,,,,,,,,,,,,,,,,,
dsPIC33FJ32GP202 CNm,2,3,30,29,0,,,,,,,,,,,,4,5,6,7,1,27,24,23,22,21,16,15,14,13,12,11,,,,,,,,,,,,,,,,,,,,,,,,,,,,,,,,,,,,,,,,,,,,,,,,,,,,,,,,,,,,,,,,,,,,,,,,,,,,,,,,
dsPIC33FJ32GP302 RPy,,,,,,,,,,,,,,,,,0,1,2,3,,,,,,,,,12,13,14,15,,,,,,,,,,,,,,,,,,,,,,,,,,,,,,,,,,,,,,,,,,,,,,,,,,,,,,,,,,,,,,,,,,,,,,,,,,,,,,,,
dsPIC33FJ32GP302 ANn,0,1,,,,,,,,,,,,,,,2,3,4,5,,,,,,,,,12,11,10,9,,,,,,,,,,,,,,,,,,,,,,,,,,,,,,,,,,,,,,,,,,,,,,,,,,,,,,,,,,,,,,,,,,,,,,,,,,,,,,,,
dsPIC33FJ32GP302 CNm,2,3,30,29,0,,,,,,,,,,,,4,5,6,7,1,27,24,23,22,21,16,15,14,13,12,11,,,,,,,,,,,,,,,,,,,,,,,,,,,,,,,,,,,,,,,,,,,,,,,,,,,,,,,,,,,,,,,,,,,,,,,,,,,,,,,,
dsPIC33FJ64GP202 RPy,,,,,,,,,,,,,,,,,0,1,2,3,,,,,,,,,12,13,14,15,,,,,,,,,,,,,,,,,,,,,,,,,,,,,,,,,,,,,,,,,,,,,,,,,,,,,,,,,,,,,,,,,,,,,,,,,,,,,,,,
dsPIC33FJ64GP202 ANn,0,1,,,,,,,,,,,,,,,2,3,4,5,,,,,,,,,12,11,10,9,,,,,,,,,,,,,,,,,,,,,,,,,,,,,,,,,,,,,,,,,,,,,,,,,,,,,,,,,,,,,,,,,,,,,,,,,,,,,,,,
dsPIC33FJ64GP202 CNm,2,3,30,29,0,,,,,,,,,,,,4,5,6,7,1,27,24,23,22,21,16,15,14,13,12,11,,,,,,,,,,,,,,,,,,,,,,,,,,,,,,,,,,,,,,,,,,,,,,,,,,,,,,,,,,,,,,,,,,,,,,,,,,,,,,,,
dsPIC33FJ64GP802 RPy,,,,,,,,,,,,,,,,,0,1,2,3,,,,,,,,,12,13,14,15,,,,,,,,,,,,,,,,,,,,,,,,,,,,,,,,,,,,,,,,,,,,,,,,,,,,,,,,,,,,,,,,,,,,,,,,,,,,,,,,
dsPIC33FJ64GP802 ANn,0,1,,,,,,,,,,,,,,,2,3,4,5,,,,,,,,,12,11,10,9,,,,,,,,,,,,,,,,,,,,,,,,,,,,,,,,,,,,,,,,,,,,,,,,,,,,,,,,,,,,,,,,,,,,,,,,,,,,,,,,
dsPIC33FJ64GP802 CNm,2,3,30,29,0,,,,,,,,,,,,4,5,6,7,1,27,24,23,22,21,16,15,14,13,12,11,,,,,,,,,,,,,,,,,,,,,,,,,,,,,,,,,,,,,,,,,,,,,,,,,,,,,,,,,,,,,,,,,,,,,,,,,,,,,,,,
dsPIC33FJ128GP202 RPy,,,,,,,,,,,,,,,,,0,1,2,3,,,,,,,,,12,13,14,15,,,,,,,,,,,,,,,,,,,,,,,,,,,,,,,,,,,,,,,,,,,,,,,,,,,,,,,,,,,,,,,,,,,,,,,,,,,,,,,,
dsPIC33FJ128GP202 ANn,0,1,,,,,,,,,,,,,,,2,3,4,5,,,,,,,,,12,11,10,9,,,,,,,,,,,,,,,,,,,,,,,,,,,,,,,,,,,,,,,,,,,,,,,,,,,,,,,,,,,,,,,,,,,,,,,,,,,,,,,,
dsPIC33FJ128GP202 CNm,2,3,30,29,0,,,,,,,,,,,,4,5,6,7,1,27,24,23,22,21,16,15,14,13,12,11,,,,,,,,,,,,,,,,,,,,,,,,,,,,,,,,,,,,,,,,,,,,,,,,,,,,,,,,,,,,,,,,,,,,,,,,,,,,,,,,
dsPIC33FJ128GP802 RPy,,,,,,,,,,,,,,,,,0,1,2,3,,,,,,,,,12,13,14,15,,,,,,,,,,,,,,,,,,,,,,,,,,,,,,,,,,,,,,,,,,,,,,,,,,,,,,,,,,,,,,,,,,,,,,,,,,,,,,,,
dsPIC33FJ128GP802 ANn,0,1,,,,,,,,,,,,,,,2,3,4,5,,,,,,,,,12,11,10,9,,,,,,,,,,,,,,,,,,,,,,,,,,,,,,,,,,,,,,,,,,,,,,,,,,,,,,,,,,,,,,,,,,,,,,,,,,,,,,,,
dsPIC33FJ128GP802 CNm,2,3,30,29,0,,,,,,,,,,,,4,5,6,7,1,27,24,23,22,21,16,15,14,13,12,11,,,,,,,,,,,,,,,,,,,,,,,,,,,,,,,,,,,,,,,,,,,,,,,,,,,,,,,,,,,,,,,,,,,,,,,,,,,,,,,,
dsPIC33FJ12GP202 RPy,,,,,,,,,,,,,,,,,0,1,2,3,,,,,,,,,12,13,14,15,,,,,,,,,,,,,,,,,,,,,,,,,,,,,,,,,,,,,,,,,,,,,,,,,,,,,,,,,,,,,,,,,,,,,,,,,,,,,,,,
dsPIC33FJ12GP202 ANn,0,1,,,,,,,,,,,,,,,2,3,4,5,,,,,,,,,9,8,7,6,,,,,,,,,,,,,,,,,,,,,,,,,,,,,,,,,,,,,,,,,,,,,,,,,,,,,,,,,,,,,,,,,,,,,,,,,,,,,,,,
dsPIC33FJ12GP202 CNm,2,3,30,29,0,,,,,,,,,,,,4,5,6,7,1,27,24,23,22,21,16,15,14,13,12,11,,,,,,,,,,,,,,,,,,,,,,,,,,,,,,,,,,,,,,,,,,,,,,,,,,,,,,,,,,,,,,,,,,,,,,,,,,,,,,,,
dsPIC33FJ16GP304 RPy,,,,,,,,,,,,,,,,,0,1,2,3,,,,,,,,,,13,14,15,16,17,18,,,,,,,,,,,,,,,,,,,,,,,,,,,,,,,,,,,,,,,,,,,,,,,,,,,,,,,,,,,,,,,,,,,,,,,,,,,,,
dsPIC33FJ16GP304 ANn,0,1,,,,,,,,,,,,,,,2,3,4,5,,,,,,,,,,11,10,9,6,7,8,,,,,,,,,,,,,,,,,,,,,,,,,,,,,,,,,,,,,,,,,,,,,,,,,,,,,,,,,,,,,,,,,,,,,,,,,,,,,
dsPIC33FJ16GP304 CNm,2,3,30,29,0,,,,,,,,,,,,4,5,6,7,1,27,24,23,22,21,16,15,14,13,12,11,8,9,10,28,25,26,18,17,20,19,,,,,,,,,,,,,,,,,,,,,,,,,,,,,,,,,,,,,,,,,,,,,,,,,,,,,,,,,,,,,,,,,,,,,,
dsPIC33FJ32GP204 RPy,,,,,,,,,,,,,,,,,0,1,2,3,,,,,,,,,,13,14,15,16,17,18,,,,,,,,,,,,,,,,,,,,,,,,,,,,,,,,,,,,,,,,,,,,,,,,,,,,,,,,,,,,,,,,,,,,,,,,,,,,,
dsPIC33FJ32GP204 ANn,0,1,,,,,,,,,,,,,,,2,3,4,5,,,,,,,,,,11,10,9,6,7,8,,,,,,,,,,,,,,,,,,,,,,,,,,,,,,,,,,,,,,,,,,,,,,,,,,,,,,,,,,,,,,,,,,,,,,,,,,,,,
dsPIC33FJ32GP204 CNm,2,3,30,29,0,,,,,,,,,,,,4,5,6,7,1,27,24,23,22,21,16,15,14,13,12,11,8,9,10,28,25,26,18,17,20,19,,,,,,,,,,,,,,,,,,,,,,,,,,,,,,,,,,,,,,,,,,,,,,,,,,,,,,,,,,,,,,,,,,,,,,
dsPIC33FJ32GP304 RPy,,,,,,,,,,,,,,,,,0,1,2,3,,,,,,,,,,13,14,15,16,17,18,,,,,,,,,,,,,,,,,,,,,,,,,,,,,,,,,,,,,,,,,,,,,,,,,,,,,,,,,,,,,,,,,,,,,,,,,,,,,
dsPIC33FJ32GP304 ANn,0,1,,,,,,,,,,,,,,,2,3,4,5,,,,,,,,,,11,10,9,6,7,8,,,,,,,,,,,,,,,,,,,,,,,,,,,,,,,,,,,,,,,,,,,,,,,,,,,,,,,,,,,,,,,,,,,,,,,,,,,,,
dsPIC33FJ32GP304 CNm,2,3,30,29,0,,,,,,,,,,,,4,5,6,7,1,27,24,23,22,21,16,15,14,13,12,11,8,9,10,28,25,26,18,17,20,19,,,,,,,,,,,,,,,,,,,,,,,,,,,,,,,,,,,,,,,,,,,,,,,,,,,,,,,,,,,,,,,,,,,,,,
dsPIC33FJ64GP204 RPy,,,,,,,,,,,,,,,,,0,1,2,3,,,,,,,,,,13,14,15,16,17,18,,,,,,,,,,,,,,,,,,,,,,,,,,,,,,,,,,,,,,,,,,,,,,,,,,,,,,,,,,,,,,,,,,,,,,,,,,,,,
dsPIC33FJ64GP204 ANn,0,1,,,,,,,,,,,,,,,2,3,4,5,,,,,,,,,,11,10,9,6,7,8,,,,,,,,,,,,,,,,,,,,,,,,,,,,,,,,,,,,,,,,,,,,,,,,,,,,,,,,,,,,,,,,,,,,,,,,,,,,,
dsPIC33FJ64GP204 CNm,2,3,30,29,0,,,,,,,,,,,,4,5,6,7,1,27,24,23,22,21,16,15,14,13,12,11,8,9,10,28,25,26,18,17,20,19,,,,,,,,,,,,,,,,,,,,,,,,,,,,,,,,,,,,,,,,,,,,,,,,,,,,,,,,,,,,,,,,,,,,,,
dsPIC33FJ64GP804 RPy,,,,,,,,,,,,,,,,,0,1,2,3,,,,,,,,,,13,14,15,16,17,18,,,,,,,,,,,,,,,,,,,,,,,,,,,,,,,,,,,,,,,,,,,,,,,,,,,,,,,,,,,,,,,,,,,,,,,,,,,,,
dsPIC33FJ64GP804 ANn,0,1,,,,,,,,,,,,,,,2,3,4,5,,,,,,,,,,11,10,9,6,7,8,,,,,,,,,,,,,,,,,,,,,,,,,,,,,,,,,,,,,,,,,,,,,,,,,,,,,,,,,,,,,,,,,,,,,,,,,,,,,
dsPIC33FJ64GP804 CNm,2,3,30,29,0,,,,,,,,,,,,4,5,6,7,1,27,24,23,22,21,16,15,14,13,12,11,8,9,10,28,25,26,18,17,20,19,,,,,,,,,,,,,,,,,,,,,,,,,,,,,,,,,,,,,,,,,,,,,,,,,,,,,,,,,,,,,,,,,,,,,,
dsPIC33FJ128GP204 RPy,,,,,,,,,,,,,,,,,0,1,2,3,,,,,,,,,,13,14,15,16,17,18,,,,,,,,,,,,,,,,,,,,,,,,,,,,,,,,,,,,,,,,,,,,,,,,,,,,,,,,,,,,,,,,,,,,,,,,,,,,,
dsPIC33FJ128GP204 ANn,0,1,,,,,,,,,,,,,,,2,3,4,5,,,,,,,,,,11,10,9,6,7,8,,,,,,,,,,,,,,,,,,,,,,,,,,,,,,,,,,,,,,,,,,,,,,,,,,,,,,,,,,,,,,,,,,,,,,,,,,,,,
dsPIC33FJ128GP204 CNm,2,3,30,29,0,,,,,,,,,,,,4,5,6,7,1,27,24,23,22,21,16,15,14,13,12,11,8,9,10,28,25,26,18,17,20,19,,,,,,,,,,,,,,,,,,,,,,,,,,,,,,,,,,,,,,,,,,,,,,,,,,,,,,,,,,,,,,,,,,,,,,
dsPIC33FJ128GP804 RPy,,,,,,,,,,,,,,,,,0,1,2,3,,,,,,,,,,13,14,15,16,17,18,,,,,,,,,,,,,,,,,,,,,,,,,,,,,,,,,,,,,,,,,,,,,,,,,,,,,,,,,,,,,,,,,,,,,,,,,,,,,
dsPIC33FJ128GP804 ANn,0,1,,,,,,,,,,,,,,,2,3,4,5,,,,,,,,,,11,10,9,6,7,8,,,,,,,,,,,,,,,,,,,,,,,,,,,,,,,,,,,,,,,,,,,,,,,,,,,,,,,,,,,,,,,,,,,,,,,,,,,,,
dsPIC33FJ128GP804 CNm,2,3,30,29,0,,,,,,,,,,,,4,5,6,7,1,27,24,23,22,21,16,15,14,13,12,11,8,9,10,28,25,26,18,17,20,19,,,,,,,,,,,,,,,,,,,,,,,,,,,,,,,,,,,,,,,,,,,,,,,,,,,,,,,,,,,,,,,,,,,,,,
PIC24EP64GP202 RPy,,,,,,,,,,,,,,,,,,,,,,,,,,,,,,,,,,,,,,,,,,,,,,,,,,,,,,,,,,,,,,,,,,,,,,,,,,,,,,,,,,,,,,,,,,,,,,,,,,,,,,,,,,,,,,,,
PIC24EP64GP202 ANn,0,1,,,,,,,,,,,,,,,2,3,4,5,,,,,,,,,,,,,,,,,,,,,,,,,,,,,,,,,,,,,,,,,,,,,,,,,,,,,,,,,,,,,,,,,,,,,,,,,,,,,,,,,,,,,,,,,,,,
PIC24EP64GP202 CNm,,,,,,,,,,,,,,,,,,,,,,,,,,,,,,,,,,,,,,,,,,,,,,,,,,,,,,,,,,,,,,,,,,,,,,,,,,,,,,,,,,,,,,,,,,,,,,,,,,,,,,,,,,,,,,,,
dsPIC33EP64GP502 RPy,,,,,,,,,,,,,,,,,,,,,,,,,,,,,,,,,,,,,,,,,,,,,,,,,,,,,,,,,,,,,,,,,,,,,,,,,,,,,,,,,,,,,,,,,,,,,,,,,,,,,,,,,,,,,,,,
dsPIC33EP64GP502 ANn,0,1,,,,,,,,,,,,,,,2,3,4,5,,,,,,,,,,,,,,,,,,,,,,,,,,,,,,,,,,,,,,,,,,,,,,,,,,,,,,,,,,,,,,,,,,,,,,,,,,,,,,,,,,,,,,,,,,,,
dsPIC33EP64GP502 CNm,,,,,,,,,,,,,,,,,,,,,,,,,,,,,,,,,,,,,,,,,,,,,,,,,,,,,,,,,,,,,,,,,,,,,,,,,,,,,,,,,,,,,,,,,,,,,,,,,,,,,,,,,,,,,,,,
PIC24EP64MC202 RPy,,,,,,,,,,,,,,,,,,,,,,,,,,,,,,,,,,,,,,,,,,,,,,,,,,,,,,,,,,,,,,,,,,,,,,,,,,,,,,,,,,,,,,,,,,,,,,,,,,,,,,,,,,,,,,,,
PIC24EP64MC202 ANn,0,1,,,,,,,,,,,,,,,2,3,4,5,,,,,,,,,,,,,,,,,,,,,,,,,,,,,,,,,,,,,,,,,,,,,,,,,,,,,,,,,,,,,,,,,,,,,,,,,,,,,,,,,,,,,,,,,,,,
PIC24EP64MC202 CNm,,,,,,,,,,,,,,,,,,,,,,,,,,,,,,,,,,,,,,,,,,,,,,,,,,,,,,,,,,,,,,,,,,,,,,,,,,,,,,,,,,,,,,,,,,,,,,,,,,,,,,,,,,,,,,,,
dsPIC33EP64MC202 RPy,,,,,,,,,,,,,,,,,,,,,,,,,,,,,,,,,,,,,,,,,,,,,,,,,,,,,,,,,,,,,,,,,,,,,,,,,,,,,,,,,,,,,,,,,,,,,,,,,,,,,,,,,,,,,,,,
dsPIC33EP64MC202 ANn,0,1,,,,,,,,,,,,,,,2,3,4,5,,,,,,,,,,,,,,,,,,,,,,,,,,,,,,,,,,,,,,,,,,,,,,,,,,,,,,,,,,,,,,,,,,,,,,,,,,,,,,,,,,,,,,,,,,,,
dsPIC33EP64MC202 CNm,,,,,,,,,,,,,,,,,,,,,,,,,,,,,,,,,,,,,,,,,,,,,,,,,,,,,,,,,,,,,,,,,,,,,,,,,,,,,,,,,,,,,,,,,,,,,,,,,,,,,,,,,,,,,,,,
dsPIC33EP64MC502 RPy,,,,,,,,,,,,,,,,,,,,,,,,,,,,,,,,,,,,,,,,,,,,,,,,,,,,,,,,,,,,,,,,,,,,,,,,,,,,,,,,,,,,,,,,,,,,,,,,,,,,,,,,,,,,,,,,
dsPIC33EP64MC502 ANn,0,1,,,,,,,,,,,,,,,2,3,4,5,,,,,,,,,,,,,,,,,,,,,,,,,,,,,,,,,,,,,,,,,,,,,,,,,,,,,,,,,,,,,,,,,,,,,,,,,,,,,,,,,,,,,,,,,,,,
dsPIC33EP64MC502 CNm,,,,,,,,,,,,,,,,,,,,,,,,,,,,,,,,,,,,,,,,,,,,,,,,,,,,,,,,,,,,,,,,,,,,,,,,,,,,,,,,,,,,,,,,,,,,,,,,,,,,,,,,,,,,,,,,
PIC24EP32GP203 RPy,,,,,,,,,,,,,,,,,,,,,,,,,,,,,,,,,,,,,,,,,,,,,,,,,,,,,,,,,,,,,,,,,,,,,,,,,,,,,,,,,,,,,,,,,,,,,,,,,,,,,,,,,,,,,,,,
PIC24EP32GP203 ANn,0,1,,,,,,,,,,,,,,,2,3,4,5,,,,,,,,,,,,,6,7,,,,,,,,,,,,,,,,,,,,,,,,,,,,,,,,,,,,,,,,,,,,,,,,,,,,,,,,,,,,,,,,,,,,,,,,,,,,,,
PIC24EP32GP203 CNm,,,,,,,,,,,,,,,,,,,,,,,,,,,,,,,,,,,,,,,,,,,,,,,,,,,,,,,,,,,,,,,,,,,,,,,,,,,,,,,,,,,,,,,,,,,,,,,,,,,,,,,,,,,,,,,,
PIC24EP64GP203 RPy,,,,,,,,,,,,,,,,,,,,,,,,,,,,,,,,,,,,,,,,,,,,,,,,,,,,,,,,,,,,,,,,,,,,,,,,,,,,,,,,,,,,,,,,,,,,,,,,,,,,,,,,,,,,,,,,
PIC24EP64GP203 ANn,0,1,,,,,,,,,,,,,,,2,3,4,5,,,,,,,,,,,,,6,7,,,,,,,,,,,,,,,,,,,,,,,,,,,,,,,,,,,,,,,,,,,,,,,,,,,,,,,,,,,,,,,,,,,,,,,,,,,,,,
PIC24EP64GP203 CNm,,,,,,,,,,,,,,,,,,,,,,,,,,,,,,,,,,,,,,,,,,,,,,,,,,,,,,,,,,,,,,,,,,,,,,,,,,,,,,,,,,,,,,,,,,,,,,,,,,,,,,,,,,,,,,,,
dsPIC33EP32GP503 RPy,,,,,,,,,,,,,,,,,,,,,,,,,,,,,,,,,,,,,,,,,,,,,,,,,,,,,,,,,,,,,,,,,,,,,,,,,,,,,,,,,,,,,,,,,,,,,,,,,,,,,,,,,,,,,,,,
dsPIC33EP32GP503 ANn,0,1,,,,,,,,,,,,,,,2,3,4,5,,,,,,,,,,,,,6,7,,,,,,,,,,,,,,,,,,,,,,,,,,,,,,,,,,,,,,,,,,,,,,,,,,,,,,,,,,,,,,,,,,,,,,,,,,,,,,
dsPIC33EP32GP503 CNm,,,,,,,,,,,,,,,,,,,,,,,,,,,,,,,,,,,,,,,,,,,,,,,,,,,,,,,,,,,,,,,,,,,,,,,,,,,,,,,,,,,,,,,,,,,,,,,,,,,,,,,,,,,,,,,,
dsPIC33EP64GP503 RPy,,,,,,,,,,,,,,,,,,,,,,,,,,,,,,,,,,,,,,,,,,,,,,,,,,,,,,,,,,,,,,,,,,,,,,,,,,,,,,,,,,,,,,,,,,,,,,,,,,,,,,,,,,,,,,,,
dsPIC33EP64GP503 ANn,0,1,,,,,,,,,,,,,,,2,3,4,5,,,,,,,,,,,,,6,7,,,,,,,,,,,,,,,,,,,,,,,,,,,,,,,,,,,,,,,,,,,,,,,,,,,,,,,,,,,,,,,,,,,,,,,,,,,,,,
dsPIC33EP64GP503 CNm,,,,,,,,,,,,,,,,,,,,,,,,,,,,,,,,,,,,,,,,,,,,,,,,,,,,,,,,,,,,,,,,,,,,,,,,,,,,,,,,,,,,,,,,,,,,,,,,,,,,,,,,,,,,,,,,
PIC24EP32MC203 RPy,,,,,,,,,,,,,,,,,,,,,,,,,,,,,,,,,,,,,,,,,,,,,,,,,,,,,,,,,,,,,,,,,,,,,,,,,,,,,,,,,,,,,,,,,,,,,,,,,,,,,,,,,,,,,,,,
PIC24EP32MC203 ANn,0,1,,,,,,,,,,,,,,,2,3,4,5,,,,,,,,,,,,,6,7,,,,,,,,,,,,,,,,,,,,,,,,,,,,,,,,,,,,,,,,,,,,,,,,,,,,,,,,,,,,,,,,,,,,,,,,,,,,,,
PIC24EP32MC203 CNm,,,,,,,,,,,,,,,,,,,,,,,,,,,,,,,,,,,,,,,,,,,,,,,,,,,,,,,,,,,,,,,,,,,,,,,,,,,,,,,,,,,,,,,,,,,,,,,,,,,,,,,,,,,,,,,,
PIC24EP64MC203 RPy,,,,,,,,,,,,,,,,,,,,,,,,,,,,,,,,,,,,,,,,,,,,,,,,,,,,,,,,,,,,,,,,,,,,,,,,,,,,,,,,,,,,,,,,,,,,,,,,,,,,,,,,,,,,,,,,
PIC24EP64MC203 ANn,0,1,,,,,,,,,,,,,,,2,3,4,5,,,,,,,,,,,,,6,7,,,,,,,,,,,,,,,,,,,,,,,,,,,,,,,,,,,,,,,,,,,,,,,,,,,,,,,,,,,,,,,,,,,,,,,,,,,,,,
PIC24EP64MC203 CNm,,,,,,,,,,,,,,,,,,,,,,,,,,,,,,,,,,,,,,,,,,,,,,,,,,,,,,,,,,,,,,,,,,,,,,,,,,,,,,,,,,,,,,,,,,,,,,,,,,,,,,,,,,,,,,,,
PIC24EP32MC503 RPy,,,,,,,,,,,,,,,,,,,,,,,,,,,,,,,,,,,,,,,,,,,,,,,,,,,,,,,,,,,,,,,,,,,,,,,,,,,,,,,,,,,,,,,,,,,,,,,,,,,,,,,,,,,,,,,,
PIC24EP32MC503 ANn,0,1,,,,,,,,,,,,,,,2,3,4,5,,,,,,,,,,,,,6,7,,,,,,,,,,,,,,,,,,,,,,,,,,,,,,,,,,,,,,,,,,,,,,,,,,,,,,,,,,,,,,,,,,,,,,,,,,,,,,
PIC24EP32MC503 CNm,,,,,,,,,,,,,,,,,,,,,,,,,,,,,,,,,,,,,,,,,,,,,,,,,,,,,,,,,,,,,,,,,,,,,,,,,,,,,,,,,,,,,,,,,,,,,,,,,,,,,,,,,,,,,,,,
PIC24EP64MC503 RPy,,,,,,,,,,,,,,,,,,,,,,,,,,,,,,,,,,,,,,,,,,,,,,,,,,,,,,,,,,,,,,,,,,,,,,,,,,,,,,,,,,,,,,,,,,,,,,,,,,,,,,,,,,,,,,,,
PIC24EP64MC503 ANn,0,1,,,,,,,,,,,,,,,2,3,4,5,,,,,,,,,,,,,6,7,,,,,,,,,,,,,,,,,,,,,,,,,,,,,,,,,,,,,,,,,,,,,,,,,,,,,,,,,,,,,,,,,,,,,,,,,,,,,,
PIC24EP64MC503 CNm,,,,,,,,,,,,,,,,,,,,,,,,,,,,,,,,,,,,,,,,,,,,,,,,,,,,,,,,,,,,,,,,,,,,,,,,,,,,,,,,,,,,,,,,,,,,,,,,,,,,,,,,,,,,,,,,
dsPIC33EP32MC503 RPy,,,,,,,,,,,,,,,,,,,,,,,,,,,,,,,,,,,,,,,,,,,,,,,,,,,,,,,,,,,,,,,,,,,,,,,,,,,,,,,,,,,,,,,,,,,,,,,,,,,,,,,,,,,,,,,,
dsPIC33EP32MC503 ANn,0,1,,,,,,,,,,,,,,,2,3,4,5,,,,,,,,,,,,,6,7,,,,,,,,,,,,,,,,,,,,,,,,,,,,,,,,,,,,,,,,,,,,,,,,,,,,,,,,,,,,,,,,,,,,,,,,,,,,,,
dsPIC33EP32MC503 CNm,,,,,,,,,,,,,,,,,,,,,,,,,,,,,,,,,,,,,,,,,,,,,,,,,,,,,,,,,,,,,,,,,,,,,,,,,,,,,,,,,,,,,,,,,,,,,,,,,,,,,,,,,,,,,,,,
dsPIC33EP64MC503 RPy,,,,,,,,,,,,,,,,,,,,,,,,,,,,,,,,,,,,,,,,,,,,,,,,,,,,,,,,,,,,,,,,,,,,,,,,,,,,,,,,,,,,,,,,,,,,,,,,,,,,,,,,,,,,,,,,
dsPIC33EP64MC503 ANn,0,1,,,,,,,,,,,,,,,2,3,4,5,,,,,,,,,,,,,6,7,,,,,,,,,,,,,,,,,,,,,,,,,,,,,,,,,,,,,,,,,,,,,,,,,,,,,,,,,,,,,,,,,,,,,,,,,,,,,,
dsPIC33EP64MC503 CNm,,,,,,,,,,,,,,,,,,,,,,,,,,,,,,,,,,,,,,,,,,,,,,,,,,,,,,,,,,,,,,,,,,,,,,,,,,,,,,,,,,,,,,,,,,,,,,,,,,,,,,,,,,,,,,,,
dsPIC33EP32MC203 RPy,,,,,,,,,,,,,,,,,,,,,,,,,,,,,,,,,,,,,,,,,,,,,,,,,,,,,,,,,,,,,,,,,,,,,,,,,,,,,,,,,,,,,,,,,,,,,,,,,,,,,,,,,,,,,,,,
dsPIC33EP32MC203 ANn,0,1,,,,,,,,,,,,,,,2,3,4,5,,,,,,,,,,,,,6,7,,,,,,,,,,,,,,,,,,,,,,,,,,,,,,,,,,,,,,,,,,,,,,,,,,,,,,,,,,,,,,,,,,,,,,,,,,,,,,
dsPIC33EP32MC203 CNm,,,,,,,,,,,,,,,,,,,,,,,,,,,,,,,,,,,,,,,,,,,,,,,,,,,,,,,,,,,,,,,,,,,,,,,,,,,,,,,,,,,,,,,,,,,,,,,,,,,,,,,,,,,,,,,,
dsPIC33EP64MC203 RPy,,,,,,,,,,,,,,,,,,,,,,,,,,,,,,,,,,,,,,,,,,,,,,,,,,,,,,,,,,,,,,,,,,,,,,,,,,,,,,,,,,,,,,,,,,,,,,,,,,,,,,,,,,,,,,,,
dsPIC33EP64MC203 ANn,0,1,,,,,,,,,,,,,,,2,3,4,5,,,,,,,,,,,,,6,7,,,,,,,,,,,,,,,,,,,,,,,,,,,,,,,,,,,,,,,,,,,,,,,,,,,,,,,,,,,,,,,,,,,,,,,,,,,,,,
dsPIC33EP64MC203 CNm,,,,,,,,,,,,,,,,,,,,,,,,,,,,,,,,,,,,,,,,,,,,,,,,,,,,,,,,,,,,,,,,,,,,,,,,,,,,,,,,,,,,,,,,,,,,,,,,,,,,,,,,,,,,,,,,
PIC24EP32GP204 RPy,,,,,,,,,,,,,,,,,,,,,,,,,,,,,,,,,,,,,,,,,,,,,,,,,,,,,,,,,,,,,,,,,,,,,,,,,,,,,,,,,,,,,,,,,,,,,,,,,,,,,,,,,,,,,,,,
PIC24EP32GP204 ANn,0,1,,,,,,,,,,,,,,,2,3,4,5,,,,,,,,,,,,,6,7,8,,,,,,,,,,,,,,,,,,,,,,,,,,,,,,,,,,,,,,,,,,,,,,,,,,,,,,,,,,,,,,,,,,,,,,,,,,,,,
PIC24EP32GP204 CNm,,,,,,,,,,,,,,,,,,,,,,,,,,,,,,,,,,,,,,,,,,,,,,,,,,,,,,,,,,,,,,,,,,,,,,,,,,,,,,,,,,,,,,,,,,,,,,,,,,,,,,,,,,,,,,,,
PIC24EP64GP204 RPy,,,,,,,,,,,,,,,,,,,,,,,,,,,,,,,,,,,,,,,,,,,,,,,,,,,,,,,,,,,,,,,,,,,,,,,,,,,,,,,,,,,,,,,,,,,,,,,,,,,,,,,,,,,,,,,,
PIC24EP64GP204 ANn,0,1,,,,,,,,,,,,,,,2,3,4,5,,,,,,,,,,,,,6,7,8,,,,,,,,,,,,,,,,,,,,,,,,,,,,,,,,,,,,,,,,,,,,,,,,,,,,,,,,,,,,,,,,,,,,,,,,,,,,,
PIC24EP64GP204 CNm,,,,,,,,,,,,,,,,,,,,,,,,,,,,,,,,,,,,,,,,,,,,,,,,,,,,,,,,,,,,,,,,,,,,,,,,,,,,,,,,,,,,,,,,,,,,,,,,,,,,,,,,,,,,,,,,
PIC24EP128GP204 RPy,,,,,,,,,,,,,,,,,,,,,,,,,,,,,,,,,,,,,,,,,,,,,,,,,,,,,,,,,,,,,,,,,,,,,,,,,,,,,,,,,,,,,,,,,,,,,,,,,,,,,,,,,,,,,,,,
PIC24EP128GP204 ANn,0,1,,,,,,,,,,,,,,,2,3,4,5,,,,,,,,,,,,,6,7,8,,,,,,,,,,,,,,,,,,,,,,,,,,,,,,,,,,,,,,,,,,,,,,,,,,,,,,,,,,,,,,,,,,,,,,,,,,,,,
PIC24EP128GP204 CNm,,,,,,,,,,,,,,,,,,,,,,,,,,,,,,,,,,,,,,,,,,,,,,,,,,,,,,,,,,,,,,,,,,,,,,,,,,,,,,,,,,,,,,,,,,,,,,,,,,,,,,,,,,,,,,,,
PIC24EP256GP204 RPy,,,,,,,,,,,,,,,,,,,,,,,,,,,,,,,,,,,,,,,,,,,,,,,,,,,,,,,,,,,,,,,,,,,,,,,,,,,,,,,,,,,,,,,,,,,,,,,,,,,,,,,,,,,,,,,,
PIC24EP256GP204 ANn,0,1,,,,,,,,,,,,,,,2,3,4,5,,,,,,,,,,,,,6,7,8,,,,,,,,,,,,,,,,,,,,,,,,,,,,,,,,,,,,,,,,,,,,,,,,,,,,,,,,,,,,,,,,,,,,,,,,,,,,,
PIC24EP256GP204 CNm,,,,,,,,,,,,,,,,,,,,,,,,,,,,,,,,,,,,,,,,,,,,,,,,,,,,,,,,,,,,,,,,,,,,,,,,,,,,,,,,,,,,,,,,,,,,,,,,,,,,,,,,,,,,,,,,
PIC24EP512GP204 RPy,,,,,,,,,,,,,,,,,,,,,,,,,,,,,,,,,,,,,,,,,,,,,,,,,,,,,,,,,,,,,,,,,,,,,,,,,,,,,,,,,,,,,,,,,,,,,,,,,,,,,,,,,,,,,,,,
PIC24EP512GP204 ANn,0,1,,,,,,,,,,,,,,,2,3,4,5,,,,,,,,,,,,,6,7,8,,,,,,,,,,,,,,,,,,,,,,,,,,,,,,,,,,,,,,,,,,,,,,,,,,,,,,,,,,,,,,,,,,,,,,,,,,,,,
PIC24EP512GP204 CNm,,,,,,,,,,,,,,,,,,,,,,,,,,,,,,,,,,,,,,,,,,,,,,,,,,,,,,,,,,,,,,,,,,,,,,,,,,,,,,,,,,,,,,,,,,,,,,,,,,,,,,,,,,,,,,,,
dsPIC33EP32GP504 RPy,,,,,,,,,,,,,,,,,,,,,,,,,,,,,,,,,,,,,,,,,,,,,,,,,,,,,,,,,,,,,,,,,,,,,,,,,,,,,,,,,,,,,,,,,,,,,,,,,,,,,,,,,,,,,,,,
dsPIC33EP32GP504 ANn,0,1,,,,,,,,,,,,,,,2,3,4,5,,,,,,,,,,,,,6,7,8,,,,,,,,,,,,,,,,,,,,,,,,,,,,,,,,,,,,,,,,,,,,,,,,,,,,,,,,,,,,,,,,,,,,,,,,,,,,,
dsPIC33EP32GP504 CNm,,,,,,,,,,,,,,,,,,,,,,,,,,,,,,,,,,,,,,,,,,,,,,,,,,,,,,,,,,,,,,,,,,,,,,,,,,,,,,,,,,,,,,,,,,,,,,,,,,,,,,,,,,,,,,,,
dsPIC33EP64GP504 RPy,,,,,,,,,,,,,,,,,,,,,,,,,,,,,,,,,,,,,,,,,,,,,,,,,,,,,,,,,,,,,,,,,,,,,,,,,,,,,,,,,,,,,,,,,,,,,,,,,,,,,,,,,,,,,,,,
dsPIC33EP64GP504 ANn,0,1,,,,,,,,,,,,,,,2,3,4,5,,,,,,,,,,,,,6,7,8,,,,,,,,,,,,,,,,,,,,,,,,,,,,,,,,,,,,,,,,,,,,,,,,,,,,,,,,,,,,,,,,,,,,,,,,,,,,,
dsPIC33EP64GP504 CNm,,,,,,,,,,,,,,,,,,,,,,,,,,,,,,,,,,,,,,,,,,,,,,,,,,,,,,,,,,,,,,,,,,,,,,,,,,,,,,,,,,,,,,,,,,,,,,,,,,,,,,,,,,,,,,,,
dsPIC33EP128GP504 RPy,,,,,,,,,,,,,,,,,,,,,,,,,,,,,,,,,,,,,,,,,,,,,,,,,,,,,,,,,,,,,,,,,,,,,,,,,,,,,,,,,,,,,,,,,,,,,,,,,,,,,,,,,,,,,,,,
dsPIC33EP128GP504 ANn,0,1,,,,,,,,,,,,,,,2,3,4,5,,,,,,,,,,,,,6,7,8,,,,,,,,,,,,,,,,,,,,,,,,,,,,,,,,,,,,,,,,,,,,,,,,,,,,,,,,,,,,,,,,,,,,,,,,,,,,,
dsPIC33EP128GP504 CNm,,,,,,,,,,,,,,,,,,,,,,,,,,,,,,,,,,,,,,,,,,,,,,,,,,,,,,,,,,,,,,,,,,,,,,,,,,,,,,,,,,,,,,,,,,,,,,,,,,,,,,,,,,,,,,,,
dsPIC33EP256GP504 RPy,,,,,,,,,,,,,,,,,,,,,,,,,,,,,,,,,,,,,,,,,,,,,,,,,,,,,,,,,,,,,,,,,,,,,,,,,,,,,,,,,,,,,,,,,,,,,,,,,,,,,,,,,,,,,,,,
dsPIC33EP256GP504 ANn,0,1,,,,,,,,,,,,,,,2,3,4,5,,,,,,,,,,,,,6,7,8,,,,,,,,,,,,,,,,,,,,,,,,,,,,,,,,,,,,,,,,,,,,,,,,,,,,,,,,,,,,,,,,,,,,,,,,,,,,,
dsPIC33EP256GP504 CNm,,,,,,,,,,,,,,,,,,,,,,,,,,,,,,,,,,,,,,,,,,,,,,,,,,,,,,,,,,,,,,,,,,,,,,,,,,,,,,,,,,,,,,,,,,,,,,,,,,,,,,,,,,,,,,,,
dsPIC33EP512GP504 RPy,,,,,,,,,,,,,,,,,,,,,,,,,,,,,,,,,,,,,,,,,,,,,,,,,,,,,,,,,,,,,,,,,,,,,,,,,,,,,,,,,,,,,,,,,,,,,,,,,,,,,,,,,,,,,,,,
dsPIC33EP512GP504 ANn,0,1,,,,,,,,,,,,,,,2,3,4,5,,,,,,,,,,,,,6,7,8,,,,,,,,,,,,,,,,,,,,,,,,,,,,,,,,,,,,,,,,,,,,,,,,,,,,,,,,,,,,,,,,,,,,,,,,,,,,,
dsPIC33EP512GP504 CNm,,,,,,,,,,,,,,,,,,,,,,,,,,,,,,,,,,,,,,,,,,,,,,,,,,,,,,,,,,,,,,,,,,,,,,,,,,,,,,,,,,,,,,,,,,,,,,,,,,,,,,,,,,,,,,,,
PIC24EP32MC204 RPy,,,,,,,,,,,,,,,,,,,,,,,,,,,,,,,,,,,,,,,,,,,,,,,,,,,,,,,,,,,,,,,,,,,,,,,,,,,,,,,,,,,,,,,,,,,,,,,,,,,,,,,,,,,,,,,,
PIC24EP32MC204 ANn,0,1,,,,,,,,,,,,,,,2,3,4,5,,,,,,,,,,,,,6,7,8,,,,,,,,,,,,,,,,,,,,,,,,,,,,,,,,,,,,,,,,,,,,,,,,,,,,,,,,,,,,,,,,,,,,,,,,,,,,,
PIC24EP32MC204 CNm,,,,,,,,,,,,,,,,,,,,,,,,,,,,,,,,,,,,,,,,,,,,,,,,,,,,,,,,,,,,,,,,,,,,,,,,,,,,,,,,,,,,,,,,,,,,,,,,,,,,,,,,,,,,,,,,
PIC24EP64MC204 RPy,,,,,,,,,,,,,,,,,,,,,,,,,,,,,,,,,,,,,,,,,,,,,,,,,,,,,,,,,,,,,,,,,,,,,,,,,,,,,,,,,,,,,,,,,,,,,,,,,,,,,,,,,,,,,,,,
PIC24EP64MC204 ANn,0,1,,,,,,,,,,,,,,,2,3,4,5,,,,,,,,,,,,,6,7,8,,,,,,,,,,,,,,,,,,,,,,,,,,,,,,,,,,,,,,,,,,,,,,,,,,,,,,,,,,,,,,,,,,,,,,,,,,,,,
PIC24EP64MC204 CNm,,,,,,,,,,,,,,,,,,,,,,,,,,,,,,,,,,,,,,,,,,,,,,,,,,,,,,,,,,,,,,,,,,,,,,,,,,,,,,,,,,,,,,,,,,,,,,,,,,,,,,,,,,,,,,,,
PIC24EP128MC204 RPy,,,,,,,,,,,,,,,,,,,,,,,,,,,,,,,,,,,,,,,,,,,,,,,,,,,,,,,,,,,,,,,,,,,,,,,,,,,,,,,,,,,,,,,,,,,,,,,,,,,,,,,,,,,,,,,,
PIC24EP128MC204 ANn,0,1,,,,,,,,,,,,,,,2,3,4,5,,,,,,,,,,,,,6,7,8,,,,,,,,,,,,,,,,,,,,,,,,,,,,,,,,,,,,,,,,,,,,,,,,,,,,,,,,,,,,,,,,,,,,,,,,,,,,,
PIC24EP128MC204 CNm,,,,,,,,,,,,,,,,,,,,,,,,,,,,,,,,,,,,,,,,,,,,,,,,,,,,,,,,,,,,,,,,,,,,,,,,,,,,,,,,,,,,,,,,,,,,,,,,,,,,,,,,,,,,,,,,
PIC24EP256MC204 RPy,,,,,,,,,,,,,,,,,,,,,,,,,,,,,,,,,,,,,,,,,,,,,,,,,,,,,,,,,,,,,,,,,,,,,,,,,,,,,,,,,,,,,,,,,,,,,,,,,,,,,,,,,,,,,,,,
PIC24EP256MC204 ANn,0,1,,,,,,,,,,,,,,,2,3,4,5,,,,,,,,,,,,,6,7,8,,,,,,,,,,,,,,,,,,,,,,,,,,,,,,,,,,,,,,,,,,,,,,,,,,,,,,,,,,,,,,,,,,,,,,,,,,,,,
PIC24EP256MC204 CNm,,,,,,,,,,,,,,,,,,,,,,,,,,,,,,,,,,,,,,,,,,,,,,,,,,,,,,,,,,,,,,,,,,,,,,,,,,,,,,,,,,,,,,,,,,,,,,,,,,,,,,,,,,,,,,,,
PIC24EP512MC204 RPy,,,,,,,,,,,,,,,,,,,,,,,,,,,,,,,,,,,,,,,,,,,,,,,,,,,,,,,,,,,,,,,,,,,,,,,,,,,,,,,,,,,,,,,,,,,,,,,,,,,,,,,,,,,,,,,,
PIC24EP512MC204 ANn,0,1,,,,,,,,,,,,,,,2,3,4,5,,,,,,,,,,,,,6,7,8,,,,,,,,,,,,,,,,,,,,,,,,,,,,,,,,,,,,,,,,,,,,,,,,,,,,,,,,,,,,,,,,,,,,,,,,,,,,,
PIC24EP512MC204 CNm,,,,,,,,,,,,,,,,,,,,,,,,,,,,,,,,,,,,,,,,,,,,,,,,,,,,,,,,,,,,,,,,,,,,,,,,,,,,,,,,,,,,,,,,,,,,,,,,,,,,,,,,,,,,,,,,
dsPIC33EP32MC504 RPy,,,,,,,,,,,,,,,,,,,,,,,,,,,,,,,,,,,,,,,,,,,,,,,,,,,,,,,,,,,,,,,,,,,,,,,,,,,,,,,,,,,,,,,,,,,,,,,,,,,,,,,,,,,,,,,,
dsPIC33EP32MC504 ANn,0,1,,,,,,,,,,,,,,,2,3,4,5,,,,,,,,,,,,,6,7,8,,,,,,,,,,,,,,,,,,,,,,,,,,,,,,,,,,,,,,,,,,,,,,,,,,,,,,,,,,,,,,,,,,,,,,,,,,,,,
dsPIC33EP32MC504 CNm,,,,,,,,,,,,,,,,,,,,,,,,,,,,,,,,,,,,,,,,,,,,,,,,,,,,,,,,,,,,,,,,,,,,,,,,,,,,,,,,,,,,,,,,,,,,,,,,,,,,,,,,,,,,,,,,
dsPIC33EP64MC504 RPy,,,,,,,,,,,,,,,,,,,,,,,,,,,,,,,,,,,,,,,,,,,,,,,,,,,,,,,,,,,,,,,,,,,,,,,,,,,,,,,,,,,,,,,,,,,,,,,,,,,,,,,,,,,,,,,,
dsPIC33EP64MC504 ANn,0,1,,,,,,,,,,,,,,,2,3,4,5,,,,,,,,,,,,,6,7,8,,,,,,,,,,,,,,,,,,,,,,,,,,,,,,,,,,,,,,,,,,,,,,,,,,,,,,,,,,,,,,,,,,,,,,,,,,,,,
dsPIC33EP64MC504 CNm,,,,,,,,,,,,,,,,,,,,,,,,,,,,,,,,,,,,,,,,,,,,,,,,,,,,,,,,,,,,,,,,,,,,,,,,,,,,,,,,,,,,,,,,,,,,,,,,,,,,,,,,,,,,,,,,
dsPIC33EP128MC504 RPy,,,,,,,,,,,,,,,,,,,,,,,,,,,,,,,,,,,,,,,,,,,,,,,,,,,,,,,,,,,,,,,,,,,,,,,,,,,,,,,,,,,,,,,,,,,,,,,,,,,,,,,,,,,,,,,,
dsPIC33EP128MC504 ANn,0,1,,,,,,,,,,,,,,,2,3,4,5,,,,,,,,,,,,,6,7,8,,,,,,,,,,,,,,,,,,,,,,,,,,,,,,,,,,,,,,,,,,,,,,,,,,,,,,,,,,,,,,,,,,,,,,,,,,,,,
dsPIC33EP128MC504 CNm,,,,,,,,,,,,,,,,,,,,,,,,,,,,,,,,,,,,,,,,,,,,,,,,,,,,,,,,,,,,,,,,,,,,,,,,,,,,,,,,,,,,,,,,,,,,,,,,,,,,,,,,,,,,,,,,
dsPIC33EP256MC504 RPy,,,,,,,,,,,,,,,,,,,,,,,,,,,,,,,,,,,,,,,,,,,,,,,,,,,,,,,,,,,,,,,,,,,,,,,,,,,,,,,,,,,,,,,,,,,,,,,,,,,,,,,,,,,,,,,,
dsPIC33EP256MC504 ANn,0,1,,,,,,,,,,,,,,,2,3,4,5,,,,,,,,,,,,,6,7,8,,,,,,,,,,,,,,,,,,,,,,,,,,,,,,,,,,,,,,,,,,,,,,,,,,,,,,,,,,,,,,,,,,,,,,,,,,,,,
dsPIC33EP256MC504 CNm,,,,,,,,,,,,,,,,,,,,,,,,,,,,,,,,,,,,,,,,,,,,,,,,,,,,,,,,,,,,,,,,,,,,,,,,,,,,,,,,,,,,,,,,,,,,,,,,,,,,,,,,,,,,,,,,
dsPIC33EP512MC504 RPy,,,,,,,,,,,,,,,,,,,,,,,,,,,,,,,,,,,,,,,,,,,,,,,,,,,,,,,,,,,,,,,,,,,,,,,,,,,,,,,,,,,,,,,,,,,,,,,,,,,,,,,,,,,,,,,,
dsPIC33EP512MC504 ANn,0,1,,,,,,,,,,,,,,,2,3,4,5,,,,,,,,,,,,,6,7,8,,,,,,,,,,,,,,,,,,,,,,,,,,,,,,,,,,,,,,,,,,,,,,,,,,,,,,,,,,,,,,,,,,,,,,,,,,,,,
dsPIC33EP512MC504 CNm,,,,,,,,,,,,,,,,,,,,,,,,,,,,,,,,,,,,,,,,,,,,,,,,,,,,,,,,,,,,,,,,,,,,,,,,,,,,,,,,,,,,,,,,,,,,,,,,,,,,,,,,,,,,,,,,
dsPIC33EP32MC204 RPy,,,,,,,,,,,,,,,,,,,,,,,,,,,,,,,,,,,,,,,,,,,,,,,,,,,,,,,,,,,,,,,,,,,,,,,,,,,,,,,,,,,,,,,,,,,,,,,,,,,,,,,,,,,,,,,,
dsPIC33EP32MC204 ANn,0,1,,,,,,,,,,,,,,,2,3,4,5,,,,,,,,,,,,,6,7,8,,,,,,,,,,,,,,,,,,,,,,,,,,,,,,,,,,,,,,,,,,,,,,,,,,,,,,,,,,,,,,,,,,,,,,,,,,,,,
dsPIC33EP32MC204 CNm,,,,,,,,,,,,,,,,,,,,,,,,,,,,,,,,,,,,,,,,,,,,,,,,,,,,,,,,,,,,,,,,,,,,,,,,,,,,,,,,,,,,,,,,,,,,,,,,,,,,,,,,,,,,,,,,
dsPIC33EP64MC204 RPy,,,,,,,,,,,,,,,,,,,,,,,,,,,,,,,,,,,,,,,,,,,,,,,,,,,,,,,,,,,,,,,,,,,,,,,,,,,,,,,,,,,,,,,,,,,,,,,,,,,,,,,,,,,,,,,,
dsPIC33EP64MC204 ANn,0,1,,,,,,,,,,,,,,,2,3,4,5,,,,,,,,,,,,,6,7,8,,,,,,,,,,,,,,,,,,,,,,,,,,,,,,,,,,,,,,,,,,,,,,,,,,,,,,,,,,,,,,,,,,,,,,,,,,,,,
dsPIC33EP64MC204 CNm,,,,,,,,,,,,,,,,,,,,,,,,,,,,,,,,,,,,,,,,,,,,,,,,,,,,,,,,,,,,,,,,,,,,,,,,,,,,,,,,,,,,,,,,,,,,,,,,,,,,,,,,,,,,,,,,
dsPIC33EP128MC204 RPy,,,,,,,,,,,,,,,,,,,,,,,,,,,,,,,,,,,,,,,,,,,,,,,,,,,,,,,,,,,,,,,,,,,,,,,,,,,,,,,,,,,,,,,,,,,,,,,,,,,,,,,,,,,,,,,,
dsPIC33EP128MC204 ANn,0,1,,,,,,,,,,,,,,,2,3,4,5,,,,,,,,,,,,,6,7,8,,,,,,,,,,,,,,,,,,,,,,,,,,,,,,,,,,,,,,,,,,,,,,,,,,,,,,,,,,,,,,,,,,,,,,,,,,,,,
dsPIC33EP128MC204 CNm,,,,,,,,,,,,,,,,,,,,,,,,,,,,,,,,,,,,,,,,,,,,,,,,,,,,,,,,,,,,,,,,,,,,,,,,,,,,,,,,,,,,,,,,,,,,,,,,,,,,,,,,,,,,,,,,
dsPIC33EP256MC204 RPy,,,,,,,,,,,,,,,,,,,,,,,,,,,,,,,,,,,,,,,,,,,,,,,,,,,,,,,,,,,,,,,,,,,,,,,,,,,,,,,,,,,,,,,,,,,,,,,,,,,,,,,,,,,,,,,,
dsPIC33EP256MC204 ANn,0,1,,,,,,,,,,,,,,,2,3,4,5,,,,,,,,,,,,,6,7,8,,,,,,,,,,,,,,,,,,,,,,,,,,,,,,,,,,,,,,,,,,,,,,,,,,,,,,,,,,,,,,,,,,,,,,,,,,,,,
dsPIC33EP256MC204 CNm,,,,,,,,,,,,,,,,,,,,,,,,,,,,,,,,,,,,,,,,,,,,,,,,,,,,,,,,,,,,,,,,,,,,,,,,,,,,,,,,,,,,,,,,,,,,,,,,,,,,,,,,,,,,,,,,
dsPIC33EP512MC204 RPy,,,,,,,,,,,,,,,,,,,,,,,,,,,,,,,,,,,,,,,,,,,,,,,,,,,,,,,,,,,,,,,,,,,,,,,,,,,,,,,,,,,,,,,,,,,,,,,,,,,,,,,,,,,,,,,,
dsPIC33EP512MC204 ANn,0,1,,,,,,,,,,,,,,,2,3,4,5,,,,,,,,,,,,,6,7,8,,,,,,,,,,,,,,,,,,,,,,,,,,,,,,,,,,,,,,,,,,,,,,,,,,,,,,,,,,,,,,,,,,,,,,,,,,,,,
dsPIC33EP512MC204 CNm,,,,,,,,,,,,,,,,,,,,,,,,,,,,,,,,,,,,,,,,,,,,,,,,,,,,,,,,,,,,,,,,,,,,,,,,,,,,,,,,,,,,,,,,,,,,,,,,,,,,,,,,,,,,,,,,
PIC24EP64GP206 RPy,,,,,,,,,,,,,,,,,,,,,,,,,,,,,,,,,,,,,,,,,,,,,,,,,,,,,,,,,,,,,,,,,,,,,,,,,,,,,,,,,,,,,,,,,,,,,,,,,,,,,,,,,,,,,,,,
PIC24EP64GP206 ANn,0,1,,,,,,,,,,9,10,,,,2,3,4,5,,,,,,,,,,,,,6,7,8,,,,,,,,,11,,,,,,,,,,,,,,,,,,,,,,,,,,,,,,,,,12,13,14,15,,,,,,,,,,,,,,,,,,,,,,,,,,,,,,,,
PIC24EP64GP206 CNm,,,,,,,,,,,,,,,,,,,,,,,,,,,,,,,,,,,,,,,,,,,,,,,,,,,,,,,,,,,,,,,,,,,,,,,,,,,,,,,,,,,,,,,,,,,,,,,,,,,,,,,,,,,,,,,,
PIC24EP128GP206 RPy,,,,,,,,,,,,,,,,,,,,,,,,,,,,,,,,,,,,,,,,,,,,,,,,,,,,,,,,,,,,,,,,,,,,,,,,,,,,,,,,,,,,,,,,,,,,,,,,,,,,,,,,,,,,,,,,
PIC24EP128GP206 ANn,0,1,,,,,,,,,,9,10,,,,2,3,4,5,,,,,,,,,,,,,6,7,8,,,,,,,,,11,,,,,,,,,,,,,,,,,,,,,,,,,,,,,,,,,12,13,14,15,,,,,,,,,,,,,,,,,,,,,,,,,,,,,,,,
PIC24EP128GP206 CNm,,,,,,,,,,,,,,,,,,,,,,,,,,,,,,,,,,,,,,,,,,,,,,,,,,,,,,,,,,,,,,,,,,,,,,,,,,,,,,,,,,,,,,,,,,,,,,,,,,,,,,,,,,,,,,,,
PIC24EP256GP206 RPy,,,,,,,,,,,,,,,,,,,,,,,,,,,,,,,,,,,,,,,,,,,,,,,,,,,,,,,,,,,,,,,,,,,,,,,,,,,,,,,,,,,,,,,,,,,,,,,,,,,,,,,,,,,,,,,,
PIC24EP256GP206 ANn,0,1,,,,,,,,,,9,10,,,,2,3,4,5,,,,,,,,,,,,,6,7,8,,,,,,,,,11,,,,,,,,,,,,,,,,,,,,,,,,,,,,,,,,,12,13,14,15,,,,,,,,,,,,,,,,,,,,,,,,,,,,,,,,
PIC24EP256GP206 CNm,,,,,,,,,,,,,,,,,,,,,,,,,,,,,,,,,,,,,,,,,,,,,,,,,,,,,,,,,,,,,,,,,,,,,,,,,,,,,,,,,,,,,,,,,,,,,,,,,,,,,,,,,,,,,,,,
PIC24EP512GP206 RPy,,,,,,,,,,,,,,,,,,,,,,,,,,,,,,,,,,,,,,,,,,,,,,,,,,,,,,,,,,,,,,,,,,,,,,,,,,,,,,,,,,,,,,,,,,,,,,,,,,,,,,,,,,,,,,,,
PIC24EP512GP206 ANn,0,1,,,,,,,,,,9,10,,,,2,3,4,5,,,,,,,,,,,,,6,7,8,,,,,,,,,11,,,,,,,,,,,,,,,,,,,,,,,,,,,,,,,,,12,13,14,15,,,,,,,,,,,,,,,,,,,,,,,,,,,,,,,,
PIC24EP512GP206 CNm,,,,,,,,,,,,,,,,,,,,,,,,,,,,,,,,,,,,,,,,,,,,,,,,,,,,,,,,,,,,,,,,,,,,,,,,,,,,,,,,,,,,,,,,,,,,,,,,,,,,,,,,,,,,,,,,
dsPIC33EP64GP506 RPy,,,,,,,,,,,,,,,,,,,,,,,,,,,,,,,,,,,,,,,,,,,,,,,,,,,,,,,,,,,,,,,,,,,,,,,,,,,,,,,,,,,,,,,,,,,,,,,,,,,,,,,,,,,,,,,,
dsPIC33EP64GP506 ANn,0,1,,,,,,,,,,9,10,,,,2,3,4,5,,,,,,,,,,,,,6,7,8,,,,,,,,,11,,,,,,,,,,,,,,,,,,,,,,,,,,,,,,,,,12,13,14,15,,,,,,,,,,,,,,,,,,,,,,,,,,,,,,,,
dsPIC33EP64GP506 CNm,,,,,,,,,,,,,,,,,,,,,,,,,,,,,,,,,,,,,,,,,,,,,,,,,,,,,,,,,,,,,,,,,,,,,,,,,,,,,,,,,,,,,,,,,,,,,,,,,,,,,,,,,,,,,,,,
dsPIC33EP128GP506 RPy,,,,,,,,,,,,,,,,,,,,,,,,,,,,,,,,,,,,,,,,,,,,,,,,,,,,,,,,,,,,,,,,,,,,,,,,,,,,,,,,,,,,,,,,,,,,,,,,,,,,,,,,,,,,,,,,
dsPIC33EP128GP506 ANn,0,1,,,,,,,,,,9,10,,,,2,3,4,5,,,,,,,,,,,,,6,7,8,,,,,,,,,11,,,,,,,,,,,,,,,,,,,,,,,,,,,,,,,,,12,13,14,15,,,,,,,,,,,,,,,,,,,,,,,,,,,,,,,,
dsPIC33EP128GP506 CNm,,,,,,,,,,,,,,,,,,,,,,,,,,,,,,,,,,,,,,,,,,,,,,,,,,,,,,,,,,,,,,,,,,,,,,,,,,,,,,,,,,,,,,,,,,,,,,,,,,,,,,,,,,,,,,,,
dsPIC33EP256GP506 RPy,,,,,,,,,,,,,,,,,,,,,,,,,,,,,,,,,,,,,,,,,,,,,,,,,,,,,,,,,,,,,,,,,,,,,,,,,,,,,,,,,,,,,,,,,,,,,,,,,,,,,,,,,,,,,,,,
dsPIC33EP256GP506 ANn,0,1,,,,,,,,,,9,10,,,,2,3,4,5,,,,,,,,,,,,,6,7,8,,,,,,,,,11,,,,,,,,,,,,,,,,,,,,,,,,,,,,,,,,,12,13,14,15,,,,,,,,,,,,,,,,,,,,,,,,,,,,,,,,
dsPIC33EP256GP506 CNm,,,,,,,,,,,,,,,,,,,,,,,,,,,,,,,,,,,,,,,,,,,,,,,,,,,,,,,,,,,,,,,,,,,,,,,,,,,,,,,,,,,,,,,,,,,,,,,,,,,,,,,,,,,,,,,,
dsPIC33EP512GP506 RPy,,,,,,,,,,,,,,,,,,,,,,,,,,,,,,,,,,,,,,,,,,,,,,,,,,,,,,,,,,,,,,,,,,,,,,,,,,,,,,,,,,,,,,,,,,,,,,,,,,,,,,,,,,,,,,,,
dsPIC33EP512GP506 ANn,0,1,,,,,,,,,,9,10,,,,2,3,4,5,,,,,,,,,,,,,6,7,8,,,,,,,,,11,,,,,,,,,,,,,,,,,,,,,,,,,,,,,,,,,12,13,14,15,,,,,,,,,,,,,,,,,,,,,,,,,,,,,,,,
dsPIC33EP512GP506 CNm,,,,,,,,,,,,,,,,,,,,,,,,,,,,,,,,,,,,,,,,,,,,,,,,,,,,,,,,,,,,,,,,,,,,,,,,,,,,,,,,,,,,,,,,,,,,,,,,,,,,,,,,,,,,,,,,
PIC24EP64MC206 RPy,,,,,,,,,,,,,,,,,,,,,,,,,,,,,,,,,,,,,,,,,,,,,,,,,,,,,,,,,,,,,,,,,,,,,,,,,,,,,,,,,,,,,,,,,,,,,,,,,,,,,,,,,,,,,,,,
PIC24EP64MC206 ANn,0,1,,,,,,,,,,9,10,,,,2,3,4,5,,,,,,,,,,,,,6,7,8,,,,,,,,,11,,,,,,,,,,,,,,,,,,,,,,,,,,,,,,,,,12,13,14,15,,,,,,,,,,,,,,,,,,,,,,,,,,,,,,,,
PIC24EP64MC206 CNm,,,,,,,,,,,,,,,,,,,,,,,,,,,,,,,,,,,,,,,,,,,,,,,,,,,,,,,,,,,,,,,,,,,,,,,,,,,,,,,,,,,,,,,,,,,,,,,,,,,,,,,,,,,,,,,,
PIC24EP128MC206 RPy,,,,,,,,,,,,,,,,,,,,,,,,,,,,,,,,,,,,,,,,,,,,,,,,,,,,,,,,,,,,,,,,,,,,,,,,,,,,,,,,,,,,,,,,,,,,,,,,,,,,,,,,,,,,,,,,
PIC24EP128MC206 ANn,0,1,,,,,,,,,,9,10,,,,2,3,4,5,,,,,,,,,,,,,6,7,8,,,,,,,,,11,,,,,,,,,,,,,,,,,,,,,,,,,,,,,,,,,12,13,14,15,,,,,,,,,,,,,,,,,,,,,,,,,,,,,,,,
PIC24EP128MC206 CNm,,,,,,,,,,,,,,,,,,,,,,,,,,,,,,,,,,,,,,,,,,,,,,,,,,,,,,,,,,,,,,,,,,,,,,,,,,,,,,,,,,,,,,,,,,,,,,,,,,,,,,,,,,,,,,,,
PIC24EP256MC206 RPy,,,,,,,,,,,,,,,,,,,,,,,,,,,,,,,,,,,,,,,,,,,,,,,,,,,,,,,,,,,,,,,,,,,,,,,,,,,,,,,,,,,,,,,,,,,,,,,,,,,,,,,,,,,,,,,,
PIC24EP256MC206 ANn,0,1,,,,,,,,,,9,10,,,,2,3,4,5,,,,,,,,,,,,,6,7,8,,,,,,,,,11,,,,,,,,,,,,,,,,,,,,,,,,,,,,,,,,,12,13,14,15,,,,,,,,,,,,,,,,,,,,,,,,,,,,,,,,
PIC24EP256MC206 CNm,,,,,,,,,,,,,,,,,,,,,,,,,,,,,,,,,,,,,,,,,,,,,,,,,,,,,,,,,,,,,,,,,,,,,,,,,,,,,,,,,,,,,,,,,,,,,,,,,,,,,,,,,,,,,,,,
PIC24EP512MC206 RPy,,,,,,,,,,,,,,,,,,,,,,,,,,,,,,,,,,,,,,,,,,,,,,,,,,,,,,,,,,,,,,,,,,,,,,,,,,,,,,,,,,,,,,,,,,,,,,,,,,,,,,,,,,,,,,,,
PIC24EP512MC206 ANn,0,1,,,,,,,,,,9,10,,,,2,3,4,5,,,,,,,,,,,,,6,7,8,,,,,,,,,11,,,,,,,,,,,,,,,,,,,,,,,,,,,,,,,,,12,13,14,15,,,,,,,,,,,,,,,,,,,,,,,,,,,,,,,,
PIC24EP512MC206 CNm,,,,,,,,,,,,,,,,,,,,,,,,,,,,,,,,,,,,,,,,,,,,,,,,,,,,,,,,,,,,,,,,,,,,,,,,,,,,,,,,,,,,,,,,,,,,,,,,,,,,,,,,,,,,,,,,
dsPIC33EP64MC206 RPy,,,,,,,,,,,,,,,,,,,,,,,,,,,,,,,,,,,,,,,,,,,,,,,,,,,,,,,,,,,,,,,,,,,,,,,,,,,,,,,,,,,,,,,,,,,,,,,,,,,,,,,,,,,,,,,,
dsPIC33EP64MC206 ANn,0,1,,,,,,,,,,9,10,,,,2,3,4,5,,,,,,,,,,,,,6,7,8,,,,,,,,,11,,,,,,,,,,,,,,,,,,,,,,,,,,,,,,,,,12,13,14,15,,,,,,,,,,,,,,,,,,,,,,,,,,,,,,,,
dsPIC33EP64MC206 CNm,,,,,,,,,,,,,,,,,,,,,,,,,,,,,,,,,,,,,,,,,,,,,,,,,,,,,,,,,,,,,,,,,,,,,,,,,,,,,,,,,,,,,,,,,,,,,,,,,,,,,,,,,,,,,,,,
dsPIC33EP128MC206 RPy,,,,,,,,,,,,,,,,,,,,,,,,,,,,,,,,,,,,,,,,,,,,,,,,,,,,,,,,,,,,,,,,,,,,,,,,,,,,,,,,,,,,,,,,,,,,,,,,,,,,,,,,,,,,,,,,
dsPIC33EP128MC206 ANn,0,1,,,,,,,,,,9,10,,,,2,3,4,5,,,,,,,,,,,,,6,7,8,,,,,,,,,11,,,,,,,,,,,,,,,,,,,,,,,,,,,,,,,,,12,13,14,15,,,,,,,,,,,,,,,,,,,,,,,,,,,,,,,,
dsPIC33EP128MC206 CNm,,,,,,,,,,,,,,,,,,,,,,,,,,,,,,,,,,,,,,,,,,,,,,,,,,,,,,,,,,,,,,,,,,,,,,,,,,,,,,,,,,,,,,,,,,,,,,,,,,,,,,,,,,,,,,,,
dsPIC33EP256MC206 RPy,,,,,,,,,,,,,,,,,,,,,,,,,,,,,,,,,,,,,,,,,,,,,,,,,,,,,,,,,,,,,,,,,,,,,,,,,,,,,,,,,,,,,,,,,,,,,,,,,,,,,,,,,,,,,,,,
dsPIC33EP256MC206 ANn,0,1,,,,,,,,,,9,10,,,,2,3,4,5,,,,,,,,,,,,,6,7,8,,,,,,,,,11,,,,,,,,,,,,,,,,,,,,,,,,,,,,,,,,,12,13,14,15,,,,,,,,,,,,,,,,,,,,,,,,,,,,,,,,
dsPIC33EP256MC206 CNm,,,,,,,,,,,,,,,,,,,,,,,,,,,,,,,,,,,,,,,,,,,,,,,,,,,,,,,,,,,,,,,,,,,,,,,,,,,,,,,,,,,,,,,,,,,,,,,,,,,,,,,,,,,,,,,,
dsPIC33EP512MC206 RPy,,,,,,,,,,,,,,,,,,,,,,,,,,,,,,,,,,,,,,,,,,,,,,,,,,,,,,,,,,,,,,,,,,,,,,,,,,,,,,,,,,,,,,,,,,,,,,,,,,,,,,,,,,,,,,,,
dsPIC33EP512MC206 ANn,0,1,,,,,,,,,,9,10,,,,2,3,4,5,,,,,,,,,,,,,6,7,8,,,,,,,,,11,,,,,,,,,,,,,,,,,,,,,,,,,,,,,,,,,12,13,14,15,,,,,,,,,,,,,,,,,,,,,,,,,,,,,,,,
dsPIC33EP512MC206 CNm,,,,,,,,,,,,,,,,,,,,,,,,,,,,,,,,,,,,,,,,,,,,,,,,,,,,,,,,,,,,,,,,,,,,,,,,,,,,,,,,,,,,,,,,,,,,,,,,,,,,,,,,,,,,,,,,
dsPIC33EP64MC506 RPy,,,,,,,,,,,,,,,,,,,,,,,,,,,,,,,,,,,,,,,,,,,,,,,,,,,,,,,,,,,,,,,,,,,,,,,,,,,,,,,,,,,,,,,,,,,,,,,,,,,,,,,,,,,,,,,,
dsPIC33EP64MC506 ANn,0,1,,,,,,,,,,9,10,,,,2,3,4,5,,,,,,,,,,,,,6,7,8,,,,,,,,,11,,,,,,,,,,,,,,,,,,,,,,,,,,,,,,,,,12,13,14,15,,,,,,,,,,,,,,,,,,,,,,,,,,,,,,,,
dsPIC33EP64MC506 CNm,,,,,,,,,,,,,,,,,,,,,,,,,,,,,,,,,,,,,,,,,,,,,,,,,,,,,,,,,,,,,,,,,,,,,,,,,,,,,,,,,,,,,,,,,,,,,,,,,,,,,,,,,,,,,,,,
dsPIC33EP128MC506 RPy,,,,,,,,,,,,,,,,,,,,,,,,,,,,,,,,,,,,,,,,,,,,,,,,,,,,,,,,,,,,,,,,,,,,,,,,,,,,,,,,,,,,,,,,,,,,,,,,,,,,,,,,,,,,,,,,
dsPIC33EP128MC506 ANn,0,1,,,,,,,,,,9,10,,,,2,3,4,5,,,,,,,,,,,,,6,7,8,,,,,,,,,11,,,,,,,,,,,,,,,,,,,,,,,,,,,,,,,,,12,13,14,15,,,,,,,,,,,,,,,,,,,,,,,,,,,,,,,,
dsPIC33EP128MC506 CNm,,,,,,,,,,,,,,,,,,,,,,,,,,,,,,,,,,,,,,,,,,,,,,,,,,,,,,,,,,,,,,,,,,,,,,,,,,,,,,,,,,,,,,,,,,,,,,,,,,,,,,,,,,,,,,,,
dsPIC33EP256MC506 RPy,,,,,,,,,,,,,,,,,,,,,,,,,,,,,,,,,,,,,,,,,,,,,,,,,,,,,,,,,,,,,,,,,,,,,,,,,,,,,,,,,,,,,,,,,,,,,,,,,,,,,,,,,,,,,,,,
dsPIC33EP256MC506 ANn,0,1,,,,,,,,,,9,10,,,,2,3,4,5,,,,,,,,,,,,,6,7,8,,,,,,,,,11,,,,,,,,,,,,,,,,,,,,,,,,,,,,,,,,,12,13,14,15,,,,,,,,,,,,,,,,,,,,,,,,,,,,,,,,
dsPIC33EP256MC506 CNm,,,,,,,,,,,,,,,,,,,,,,,,,,,,,,,,,,,,,,,,,,,,,,,,,,,,,,,,,,,,,,,,,,,,,,,,,,,,,,,,,,,,,,,,,,,,,,,,,,,,,,,,,,,,,,,,
dsPIC33EP512MC506 RPy,,,,,,,,,,,,,,,,,,,,,,,,,,,,,,,,,,,,,,,,,,,,,,,,,,,,,,,,,,,,,,,,,,,,,,,,,,,,,,,,,,,,,,,,,,,,,,,,,,,,,,,,,,,,,,,,
dsPIC33EP512MC506 ANn,0,1,,,,,,,,,,9,10,,,,2,3,4,5,,,,,,,,,,,,,6,7,8,,,,,,,,,11,,,,,,,,,,,,,,,,,,,,,,,,,,,,,,,,,12,13,14,15,,,,,,,,,,,,,,,,,,,,,,,,,,,,,,,,
dsPIC33EP512MC506 CNm,,,,,,,,,,,,,,,,,,,,,,,,,,,,,,,,,,,,,,,,,,,,,,,,,,,,,,,,,,,,,,,,,,,,,,,,,,,,,,,,,,,,,,,,,,,,,,,,,,,,,,,,,,,,,,,,
dsPIC33EP256MU806 RPy,,,,,,,,,,,,,,,,,,,,,,,,,,,,,,,,,,,,,,,,,,,,,,,,,,,,,,,,,,,,,,,,,,,,,,,,,,,,,,,,,,,,,,,,,,,,,,,,,,,,,,,,,,,,,,,,
dsPIC33EP256MU806 ANn,,,,,,,,,,,,,,,,,0,1,2,3,4,5,6,7,8,9,10,11,12,13,14,15,,,,,,,,,,,,,,,,,,,,,,,,,,,,,,,,,24,25,26,27,28,29,30,31,,,,,,,,,,,,,,,,,,,,,,,,,,,,,,,,,,,,,,,,
dsPIC33EP256MU806 CNm,,,,,,,,,,,,,,,,,,,,,,,,,,,,,,,,,,,,,,,,,,,,,,,,,,,,,,,,,,,,,,,,,,,,,,,,,,,,,,,,,,,,,,,,,,,,,,,,,,,,,,,,,,,,,,,,
dsPIC33EP512MU806 RPy,,,,,,,,,,,,,,,,,,,,,,,,,,,,,,,,,,,,,,,,,,,,,,,,,,,,,,,,,,,,,,,,,,,,,,,,,,,,,,,,,,,,,,,,,,,,,,,,,,,,,,,,,,,,,,,,
dsPIC33EP512MU806 ANn,,,,,,,,,,,,,,,,,0,1,2,3,4,5,6,7,8,9,10,11,12,13,14,15,,,,,,,,,,,,,,,,,,,,,,,,,,,,,,,,,24,25,26,27,28,29,30,31,,,,,,,,,,,,,,,,,,,,,,,,,,,,,,,,,,,,,,,,
dsPIC33EP512MU806 CNm,,,,,,,,,,,,,,,,,,,,,,,,,,,,,,,,,,,,,,,,,,,,,,,,,,,,,,,,,,,,,,,,,,,,,,,,,,,,,,,,,,,,,,,,,,,,,,,,,,,,,,,,,,,,,,,,
dsPIC33EP512GP806 RPy,,,,,,,,,,,,,,,,,,,,,,,,,,,,,,,,,,,,,,,,,,,,,,,,,,,,,,,,,,,,,,,,,,,,,,,,,,,,,,,,,,,,,,,,,,,,,,,,,,,,,,,,,,,,,,,,
dsPIC33EP512GP806 ANn,,,,,,,,,,,,,,,,,0,1,2,3,4,5,6,7,8,9,10,11,12,13,14,15,,,,,,,,,,,,,,,,,,,,,,,,,,,,,,,,,24,25,26,27,28,29,30,31,,,,,,,,,,,,,,,,,,,,,,,,,,,,,,,,,,,,,,,,
dsPIC33EP512GP806 CNm,,,,,,,,,,,,,,,,,,,,,,,,,,,,,,,,,,,,,,,,,,,,,,,,,,,,,,,,,,,,,,,,,,,,,,,,,,,,,,,,,,,,,,,,,,,,,,,,,,,,,,,,,,,,,,,,
PIC24EP512GP806 RPy,,,,,,,,,,,,,,,,,,,,,,,,,,,,,,,,,,,,,,,,,,,,,,,,,,,,,,,,,,,,,,,,,,,,,,,,,,,,,,,,,,,,,,,,,,,,,,,,,,,,,,,,,,,,,,,,
PIC24EP512GP806 ANn,,,,,,,,,,,,,,,,,0,1,2,3,4,5,6,7,8,9,10,11,12,13,14,15,,,,,,,,,,,,,,,,,,,,,,,,,,,,,,,,,24,25,26,27,28,29,30,31,,,,,,,,,,,,,,,,,,,,,,,,,,,,,,,,,,,,,,,,
PIC24EP512GP806 CNm,,,,,,,,,,,,,,,,,,,,,,,,,,,,,,,,,,,,,,,,,,,,,,,,,,,,,,,,,,,,,,,,,,,,,,,,,,,,,,,,,,,,,,,,,,,,,,,,,,,,,,,,,,,,,,,,
dsPIC33EP512MC806 RPy,,,,,,,,,,,,,,,,,,,,,,,,,,,,,,,,,,,,,,,,,,,,,,,,,,,,,,,,,,,,,,,,,,,,,,,,,,,,,,,,,,,,,,,,,,,,,,,,,,,,,,,,,,,,,,,,
dsPIC33EP512MC806 ANn,,,,,,,,,,,,,,,,,0,1,2,3,4,5,6,7,8,9,10,11,12,13,14,15,,,,,,,,,,,,,,,,,,,,,,,,,,,,,,,,,24,25,26,27,28,29,30,31,,,,,,,,,,,,,,,,,,,,,,,,,,,,,,,,,,,,,,,,
dsPIC33EP512MC806 CNm,,,,,,,,,,,,,,,,,,,,,,,,,,,,,,,,,,,,,,,,,,,,,,,,,,,,,,,,,,,,,,,,,,,,,,,,,,,,,,,,,,,,,,,,,,,,,,,,,,,,,,,,,,,,,,,,
dsPIC33EP512MU810 RPy,,,,,,,,,,,,,,,,,,,,,,,,,,,,,,,,,,,,,,,,,,,,,,,,,,,,,,,,,,,,,,,,,,,,,,,,,,,,,,,,,,,,,,,,,,,,,,,,,,,,,,,,,,,,,,,,
dsPIC33EP512MU810 ANn,,,,,,,22,23,,,,,,,,,0,1,2,3,4,5,6,7,8,9,10,11,12,13,14,15,,16,17,18,19,,,,,,,,,,,,,,,,,,,,,,,,,,,,24,25,26,27,28,29,30,31,20,21,,,,,,,,,,,,,,,,,,,,,,,,,,,,,,,,,,,,,,
dsPIC33EP512MU810 CNm,,,,,,,,,,,,,,,,,,,,,,,,,,,,,,,,,,,,,,,,,,,,,,,,,,,,,,,,,,,,,,,,,,,,,,,,,,,,,,,,,,,,,,,,,,,,,,,,,,,,,,,,,,,,,,,,
dsPIC33EP256MU810 RPy,,,,,,,,,,,,,,,,,,,,,,,,,,,,,,,,,,,,,,,,,,,,,,,,,,,,,,,,,,,,,,,,,,,,,,,,,,,,,,,,,,,,,,,,,,,,,,,,,,,,,,,,,,,,,,,,
dsPIC33EP256MU810 ANn,,,,,,,22,23,,,,,,,,,0,1,2,3,4,5,6,7,8,9,10,11,12,13,14,15,,16,17,18,19,,,,,,,,,,,,,,,,,,,,,,,,,,,,24,25,26,27,28,29,30,31,20,21,,,,,,,,,,,,,,,,,,,,,,,,,,,,,,,,,,,,,,
dsPIC33EP256MU810 CNm,,,,,,,,,,,,,,,,,,,,,,,,,,,,,,,,,,,,,,,,,,,,,,,,,,,,,,,,,,,,,,,,,,,,,,,,,,,,,,,,,,,,,,,,,,,,,,,,,,,,,,,,,,,,,,,,
PIC24EP512GU810 RPy,,,,,,,,,,,,,,,,,,,,,,,,,,,,,,,,,,,,,,,,,,,,,,,,,,,,,,,,,,,,,,,,,,,,,,,,,,,,,,,,,,,,,,,,,,,,,,,,,,,,,,,,,,,,,,,,
PIC24EP512GU810 ANn,,,,,,,22,23,,,,,,,,,0,1,2,3,4,5,6,7,8,9,10,11,12,13,14,15,,16,17,18,19,,,,,,,,,,,,,,,,,,,,,,,,,,,,24,25,26,27,28,29,30,31,20,21,,,,,,,,,,,,,,,,,,,,,,,,,,,,,,,,,,,,,,
PIC24EP512GU810 CNm,,,,,,,,,,,,,,,,,,,,,,,,,,,,,,,,,,,,,,,,,,,,,,,,,,,,,,,,,,,,,,,,,,,,,,,,,,,,,,,,,,,,,,,,,,,,,,,,,,,,,,,,,,,,,,,,
PIC24EP256GU810 RPy,,,,,,,,,,,,,,,,,,,,,,,,,,,,,,,,,,,,,,,,,,,,,,,,,,,,,,,,,,,,,,,,,,,,,,,,,,,,,,,,,,,,,,,,,,,,,,,,,,,,,,,,,,,,,,,,
PIC24EP256GU810 ANn,,,,,,,22,23,,,,,,,,,0,1,2,3,4,5,6,7,8,9,10,11,12,13,14,15,,16,17,18,19,,,,,,,,,,,,,,,,,,,,,,,,,,,,24,25,26,27,28,29,30,31,20,21,,,,,,,,,,,,,,,,,,,,,,,,,,,,,,,,,,,,,,
PIC24EP256GU810 CNm,,,,,,,,,,,,,,,,,,,,,,,,,,,,,,,,,,,,,,,,,,,,,,,,,,,,,,,,,,,,,,,,,,,,,,,,,,,,,,,,,,,,,,,,,,,,,,,,,,,,,,,,,,,,,,,,
dsPIC33EP512MU814 RPy,,,,,,,,,,,,,,,,,,,,,,,,,,,,,,,,,,,,,,,,,,,,,,,,,,,,,,,,,,,,,,,,,,,,,,,,,,,,,,,,,,,,,,,,,,,,,,,,,,,,,,,,,,,,,,,,
dsPIC33EP512MU814 ANn,,,,,,,22,23,,,,,,,,,0,1,2,3,4,5,6,7,8,9,10,11,12,13,14,15,,16,17,18,19,,,,,,,,,,,,,,,,,,,,,,,,,,,,24,25,26,27,28,29,30,31,20,21,,,,,,,,,,,,,,,,,,,,,,,,,,,,,,,,,,,,,,
dsPIC33EP512MU814 CNm,,,,,,,,,,,,,,,,,,,,,,,,,,,,,,,,,,,,,,,,,,,,,,,,,,,,,,,,,,,,,,,,,,,,,,,,,,,,,,,,,,,,,,,,,,,,,,,,,,,,,,,,,,,,,,,,
dsPIC33EP256MU814 RPy,,,,,,,,,,,,,,,,,,,,,,,,,,,,,,,,,,,,,,,,,,,,,,,,,,,,,,,,,,,,,,,,,,,,,,,,,,,,,,,,,,,,,,,,,,,,,,,,,,,,,,,,,,,,,,,,
dsPIC33EP256MU814 ANn,,,,,,,22,23,,,,,,,,,0,1,2,3,4,5,6,7,8,9,10,11,12,13,14,15,,16,17,18,19,,,,,,,,,,,,,,,,,,,,,,,,,,,,24,25,26,27,28,29,30,31,20,21,,,,,,,,,,,,,,,,,,,,,,,,,,,,,,,,,,,,,,
dsPIC33EP256MU814 CNm,,,,,,,,,,,,,,,,,,,,,,,,,,,,,,,,,,,,,,,,,,,,,,,,,,,,,,,,,,,,,,,,,,,,,,,,,,,,,,,,,,,,,,,,,,,,,,,,,,,,,,,,,,,,,,,,
PIC24EP512GU814 RPy,,,,,,,,,,,,,,,,,,,,,,,,,,,,,,,,,,,,,,,,,,,,,,,,,,,,,,,,,,,,,,,,,,,,,,,,,,,,,,,,,,,,,,,,,,,,,,,,,,,,,,,,,,,,,,,,
PIC24EP512GU814 ANn,,,,,,,22,23,,,,,,,,,0,1,2,3,4,5,6,7,8,9,10,11,12,13,14,15,,16,17,18,19,,,,,,,,,,,,,,,,,,,,,,,,,,,,24,25,26,27,28,29,30,31,20,21,,,,,,,,,,,,,,,,,,,,,,,,,,,,,,,,,,,,,,
PIC24EP512GU814 CNm,,,,,,,,,,,,,,,,,,,,,,,,,,,,,,,,,,,,,,,,,,,,,,,,,,,,,,,,,,,,,,,,,,,,,,,,,,,,,,,,,,,,,,,,,,,,,,,,,,,,,,,,,,,,,,,,
PIC24EP256GU814 RPy,,,,,,,,,,,,,,,,,,,,,,,,,,,,,,,,,,,,,,,,,,,,,,,,,,,,,,,,,,,,,,,,,,,,,,,,,,,,,,,,,,,,,,,,,,,,,,,,,,,,,,,,,,,,,,,,
PIC24EP256GU814 ANn,,,,,,,22,23,,,,,,,,,0,1,2,3,4,5,6,7,8,9,10,11,12,13,14,15,,16,17,18,19,,,,,,,,,,,,,,,,,,,,,,,,,,,,24,25,26,27,28,29,30,31,20,21,,,,,,,,,,,,,,,,,,,,,,,,,,,,,,,,,,,,,,
PIC24EP256GU814 CNm,,,,,,,,,,,,,,,,,,,,,,,,,,,,,,,,,,,,,,,,,,,,,,,,,,,,,,,,,,,,,,,,,,,,,,,,,,,,,,,,,,,,,,,,,,,,,,,,,,,,,,,,,,,,,,,,
PIC24HJ12GP201 RPy,,,,,,,,,,,,,,,,,0,1,,,,,,,,,,,,,14,15,,,,,,,,,,,,,,,,,,,,,,,,,,,,,,,,,,,,,,,,,,,,,,,,,,,,,,,,,,,,,,,,,,,,,,,,,,,,,,,,
PIC24HJ12GP201 ANn,0,1,,,,,,,,,,,,,,,2,3,,,,,,,,,,,,,7,6,,,,,,,,,,,,,,,,,,,,,,,,,,,,,,,,,,,,,,,,,,,,,,,,,,,,,,,,,,,,,,,,,,,,,,,,,,,,,,,,
PIC24HJ12GP201 CNm,2,3,30,29,0,,,,,,,,,,,,4,5,,,1,,,23,22,21,,,,,12,11,,,,,,,,,,,,,,,,,,,,,,,,,,,,,,,,,,,,,,,,,,,,,,,,,,,,,,,,,,,,,,,,,,,,,,,,,,,,,,,,
PIC24HJ32GP202 RPy,,,,,,,,,,,,,,,,,0,1,2,3,,,,,,,,,12,13,14,15,,,,,,,,,,,,,,,,,,,,,,,,,,,,,,,,,,,,,,,,,,,,,,,,,,,,,,,,,,,,,,,,,,,,,,,,,,,,,,,,
PIC24HJ32GP202 ANn,0,1,,,,,,,,,,,,,,,2,3,4,5,,,,,,,,,12,11,10,9,,,,,,,,,,,,,,,,,,,,,,,,,,,,,,,,,,,,,,,,,,,,,,,,,,,,,,,,,,,,,,,,,,,,,,,,,,,,,,,,
PIC24HJ32GP202 CNm,2,3,30,29,0,,,,,,,,,,,,4,5,6,7,1,27,24,23,22,21,16,15,14,13,12,11,,,,,,,,,,,,,,,,,,,,,,,,,,,,,,,,,,,,,,,,,,,,,,,,,,,,,,,,,,,,,,,,,,,,,,,,,,,,,,,,
PIC24HJ32GP302 RPy,,,,,,,,,,,,,,,,,0,1,2,3,,,,,,,,,12,13,14,15,,,,,,,,,,,,,,,,,,,,,,,,,,,,,,,,,,,,,,,,,,,,,,,,,,,,,,,,,,,,,,,,,,,,,,,,,,,,,,,,
PIC24HJ32GP302 ANn,0,1,,,,,,,,,,,,,,,2,3,4,5,,,,,,,,,12,11,10,9,,,,,,,,,,,,,,,,,,,,,,,,,,,,,,,,,,,,,,,,,,,,,,,,,,,,,,,,,,,,,,,,,,,,,,,,,,,,,,,,
PIC24HJ32GP302 CNm,2,3,30,29,0,,,,,,,,,,,,4,5,6,7,1,27,24,23,22,21,16,15,14,13,12,11,,,,,,,,,,,,,,,,,,,,,,,,,,,,,,,,,,,,,,,,,,,,,,,,,,,,,,,,,,,,,,,,,,,,,,,,,,,,,,,,
PIC24HJ64GP202 RPy,,,,,,,,,,,,,,,,,0,1,2,3,,,,,,,,,12,13,14,15,,,,,,,,,,,,,,,,,,,,,,,,,,,,,,,,,,,,,,,,,,,,,,,,,,,,,,,,,,,,,,,,,,,,,,,,,,,,,,,,
PIC24HJ64GP202 ANn,0,1,,,,,,,,,,,,,,,2,3,4,5,,,,,,,,,12,11,10,9,,,,,,,,,,,,,,,,,,,,,,,,,,,,,,,,,,,,,,,,,,,,,,,,,,,,,,,,,,,,,,,,,,,,,,,,,,,,,,,,
PIC24HJ64GP202 CNm,2,3,30,29,0,,,,,,,,,,,,4,5,6,7,1,27,24,23,22,21,16,15,14,13,12,11,,,,,,,,,,,,,,,,,,,,,,,,,,,,,,,,,,,,,,,,,,,,,,,,,,,,,,,,,,,,,,,,,,,,,,,,,,,,,,,,
PIC24HJ64GP502 RPy,,,,,,,,,,,,,,,,,0,1,2,3,,,,,,,,,12,13,14,15,,,,,,,,,,,,,,,,,,,,,,,,,,,,,,,,,,,,,,,,,,,,,,,,,,,,,,,,,,,,,,,,,,,,,,,,,,,,,,,,
PIC24HJ64GP502 ANn,0,1,,,,,,,,,,,,,,,2,3,4,5,,,,,,,,,12,11,10,9,,,,,,,,,,,,,,,,,,,,,,,,,,,,,,,,,,,,,,,,,,,,,,,,,,,,,,,,,,,,,,,,,,,,,,,,,,,,,,,,
PIC24HJ64GP502 CNm,2,3,30,29,0,,,,,,,,,,,,4,5,6,7,1,27,24,23,22,21,16,15,14,13,12,11,,,,,,,,,,,,,,,,,,,,,,,,,,,,,,,,,,,,,,,,,,,,,,,,,,,,,,,,,,,,,,,,,,,,,,,,,,,,,,,,
PIC24HJ128GP202 RPy,,,,,,,,,,,,,,,,,0,1,2,3,,,,,,,,,12,13,14,15,,,,,,,,,,,,,,,,,,,,,,,,,,,,,,,,,,,,,,,,,,,,,,,,,,,,,,,,,,,,,,,,,,,,,,,,,,,,,,,,
PIC24HJ128GP202 ANn,0,1,,,,,,,,,,,,,,,2,3,4,5,,,,,,,,,12,11,10,9,,,,,,,,,,,,,,,,,,,,,,,,,,,,,,,,,,,,,,,,,,,,,,,,,,,,,,,,,,,,,,,,,,,,,,,,,,,,,,,,
PIC24HJ128GP202 CNm,2,3,30,29,0,,,,,,,,,,,,4,5,6,7,1,27,24,23,22,21,16,15,14,13,12,11,,,,,,,,,,,,,,,,,,,,,,,,,,,,,,,,,,,,,,,,,,,,,,,,,,,,,,,,,,,,,,,,,,,,,,,,,,,,,,,,
PIC24HJ128GP502 RPy,,,,,,,,,,,,,,,,,0,1,2,3,,,,,,,,,12,13,14,15,,,,,,,,,,,,,,,,,,,,,,,,,,,,,,,,,,,,,,,,,,,,,,,,,,,,,,,,,,,,,,,,,,,,,,,,,,,,,,,,
PIC24HJ128GP502 ANn,0,1,,,,,,,,,,,,,,,2,3,4,5,,,,,,,,,12,11,10,9,,,,,,,,,,,,,,,,,,,,,,,,,,,,,,,,,,,,,,,,,,,,,,,,,,,,,,,,,,,,,,,,,,,,,,,,,,,,,,,,
PIC24HJ128GP502 CNm,2,3,30,29,0,,,,,,,,,,,,4,5,6,7,1,27,24,23,22,21,16,15,14,13,12,11,,,,,,,,,,,,,,,,,,,,,,,,,,,,,,,,,,,,,,,,,,,,,,,,,,,,,,,,,,,,,,,,,,,,,,,,,,,,,,,,
PIC24HJ12GP202 RPy,,,,,,,,,,,,,,,,,0,1,2,3,,,,,,,,,12,13,14,15,,,,,,,,,,,,,,,,,,,,,,,,,,,,,,,,,,,,,,,,,,,,,,,,,,,,,,,,,,,,,,,,,,,,,,,,,,,,,,,,
PIC24HJ12GP202 ANn,0,1,,,,,,,,,,,,,,,2,3,4,5,,,,,,,,,9,8,7,6,,,,,,,,,,,,,,,,,,,,,,,,,,,,,,,,,,,,,,,,,,,,,,,,,,,,,,,,,,,,,,,,,,,,,,,,,,,,,,,,
PIC24HJ12GP202 CNm,2,3,30,29,0,,,,,,,,,,,,4,5,6,7,1,27,24,23,22,21,16,15,14,13,12,11,,,,,,,,,,,,,,,,,,,,,,,,,,,,,,,,,,,,,,,,,,,,,,,,,,,,,,,,,,,,,,,,,,,,,,,,,,,,,,,,
PIC24HJ16GP304 RPy,,,,,,,,,,,,,,,,,0,1,2,3,,,,,,,,,,13,14,15,16,17,18,,,,,,,,,,,,,,,,,,,,,,,,,,,,,,,,,,,,,,,,,,,,,,,,,,,,,,,,,,,,,,,,,,,,,,,,,,,,,
PIC24HJ16GP304 ANn,0,1,,,,,,,,,,,,,,,2,3,4,5,,,,,,,,,,11,10,9,6,7,8,,,,,,,,,,,,,,,,,,,,,,,,,,,,,,,,,,,,,,,,,,,,,,,,,,,,,,,,,,,,,,,,,,,,,,,,,,,,,
PIC24HJ16GP304 CNm,2,3,30,29,0,,,,,,,,,,,,4,5,6,7,1,27,24,23,22,21,16,15,14,13,12,11,8,9,10,28,25,26,18,17,20,19,,,,,,,,,,,,,,,,,,,,,,,,,,,,,,,,,,,,,,,,,,,,,,,,,,,,,,,,,,,,,,,,,,,,,,
PIC24HJ32GP204 RPy,,,,,,,,,,,,,,,,,0,1,2,3,,,,,,,,,,13,14,15,16,17,18,,,,,,,,,,,,,,,,,,,,,,,,,,,,,,,,,,,,,,,,,,,,,,,,,,,,,,,,,,,,,,,,,,,,,,,,,,,,,
PIC24HJ32GP204 ANn,0,1,,,,,,,,,,,,,,,2,3,4,5,,,,,,,,,,11,10,9,6,7,8,,,,,,,,,,,,,,,,,,,,,,,,,,,,,,,,,,,,,,,,,,,,,,,,,,,,,,,,,,,,,,,,,,,,,,,,,,,,,
PIC24HJ32GP204 CNm,2,3,30,29,0,,,,,,,,,,,,4,5,6,7,1,27,24,23,22,21,16,15,14,13,12,11,8,9,10,28,25,26,18,17,20,19,,,,,,,,,,,,,,,,,,,,,,,,,,,,,,,,,,,,,,,,,,,,,,,,,,,,,,,,,,,,,,,,,,,,,,
PIC24HJ32GP304 RPy,,,,,,,,,,,,,,,,,0,1,2,3,,,,,,,,,,13,14,15,16,17,18,,,,,,,,,,,,,,,,,,,,,,,,,,,,,,,,,,,,,,,,,,,,,,,,,,,,,,,,,,,,,,,,,,,,,,,,,,,,,
PIC24HJ32GP304 ANn,0,1,,,,,,,,,,,,,,,2,3,4,5,,,,,,,,,,11,10,9,6,7,8,,,,,,,,,,,,,,,,,,,,,,,,,,,,,,,,,,,,,,,,,,,,,,,,,,,,,,,,,,,,,,,,,,,,,,,,,,,,,
PIC24HJ32GP304 CNm,2,3,30,29,0,,,,,,,,,,,,4,5,6,7,1,27,24,23,22,21,16,15,14,13,12,11,8,9,10,28,25,26,18,17,20,19,,,,,,,,,,,,,,,,,,,,,,,,,,,,,,,,,,,,,,,,,,,,,,,,,,,,,,,,,,,,,,,,,,,,,,
PIC24HJ64GP204 RPy,,,,,,,,,,,,,,,,,0,1,2,3,,,,,,,,,,13,14,15,16,17,18,,,,,,,,,,,,,,,,,,,,,,,,,,,,,,,,,,,,,,,,,,,,,,,,,,,,,,,,,,,,,,,,,,,,,,,,,,,,,
PIC24HJ64GP204 ANn,0,1,,,,,,,,,,,,,,,2,3,4,5,,,,,,,,,,11,10,9,6,7,8,,,,,,,,,,,,,,,,,,,,,,,,,,,,,,,,,,,,,,,,,,,,,,,,,,,,,,,,,,,,,,,,,,,,,,,,,,,,,
PIC24HJ64GP204 CNm,2,3,30,29,0,,,,,,,,,,,,4,5,6,7,1,27,24,23,22,21,16,15,14,13,12,11,8,9,10,28,25,26,18,17,20,19,,,,,,,,,,,,,,,,,,,,,,,,,,,,,,,,,,,,,,,,,,,,,,,,,,,,,,,,,,,,,,,,,,,,,,
PIC24HJ64GP504 RPy,,,,,,,,,,,,,,,,,0,1,2,3,,,,,,,,,,13,14,15,16,17,18,,,,,,,,,,,,,,,,,,,,,,,,,,,,,,,,,,,,,,,,,,,,,,,,,,,,,,,,,,,,,,,,,,,,,,,,,,,,,
PIC24HJ64GP504 ANn,0,1,,,,,,,,,,,,,,,2,3,4,5,,,,,,,,,,11,10,9,6,7,8,,,,,,,,,,,,,,,,,,,,,,,,,,,,,,,,,,,,,,,,,,,,,,,,,,,,,,,,,,,,,,,,,,,,,,,,,,,,,
PIC24HJ64GP504 CNm,2,3,30,29,0,,,,,,,,,,,,4,5,6,7,1,27,24,23,22,21,16,15,14,13,12,11,8,9,10,28,25,26,18,17,20,19,,,,,,,,,,,,,,,,,,,,,,,,,,,,,,,,,,,,,,,,,,,,,,,,,,,,,,,,,,,,,,,,,,,,,,
PIC24HJ128GP204 RPy,,,,,,,,,,,,,,,,,0,1,2,3,,,,,,,,,,13,14,15,16,17,18,,,,,,,,,,,,,,,,,,,,,,,,,,,,,,,,,,,,,,,,,,,,,,,,,,,,,,,,,,,,,,,,,,,,,,,,,,,,,
PIC24HJ128GP204 ANn,0,1,,,,,,,,,,,,,,,2,3,4,5,,,,,,,,,,11,10,9,6,7,8,,,,,,,,,,,,,,,,,,,,,,,,,,,,,,,,,,,,,,,,,,,,,,,,,,,,,,,,,,,,,,,,,,,,,,,,,,,,,
PIC24HJ128GP204 CNm,2,3,30,29,0,,,,,,,,,,,,4,5,6,7,1,27,24,23,22,21,16,15,14,13,12,11,8,9,10,28,25,26,18,17,20,19,,,,,,,,,,,,,,,,,,,,,,,,,,,,,,,,,,,,,,,,,,,,,,,,,,,,,,,,,,,,,,,,,,,,,,
PIC24HJ128GP504 RPy,,,,,,,,,,,,,,,,,0,1,2,3,,,,,,,,,,13,14,15,16,17,18,,,,,,,,,,,,,,,,,,,,,,,,,,,,,,,,,,,,,,,,,,,,,,,,,,,,,,,,,,,,,,,,,,,,,,,,,,,,,
PIC24HJ128GP504 ANn,0,1,,,,,,,,,,,,,,,2,3,4,5,,,,,,,,,,11,10,9,6,7,8,,,,,,,,,,,,,,,,,,,,,,,,,,,,,,,,,,,,,,,,,,,,,,,,,,,,,,,,,,,,,,,,,,,,,,,,,,,,,
PIC24HJ128GP504 CNm,2,3,30,29,0,,,,,,,,,,,,4,5,6,7,1,27,24,23,22,21,16,15,14,13,12,11,8,9,10,28,25,26,18,17,20,19,,,,,,,,,,,,,,,,,,,,,,,,,,,,,,,,,,,,,,,,,,,,,,,,,,,,,,,,,,,,,,,,,,,,,,
PIC24HJ64GP206 RPy,,,,,,,,,,,,,,,,,,,,,,,,,,,,,,,,,,,,,,,,,,,,,,,,,,,,,,,,,,,,,,,,,,,,,,,,,,,,,,,,,,,,,,,,,,,,,,,,,,,,,,,,,,,,,,,,
PIC24HJ64GP206 ANn,,,,,,,,,,,,,,,,,0,1,2,3,4,5,6,7,8,9,10,11,12,13,14,15,,16,17,,,,,,,,,,,,,,,,,,,,,,,,,,,,,,,,,,,,,,,,,,,,,,,,,,,,,,,,,,,,,,,,,,,,,,,,,,,,,
PIC24HJ64GP206 CNm,,,,,,,,,,,,,,,,,2,3,4,5,6,7,,,,,,,,,,12,,,,,,,,,,,,,,1,0,,,,,,13,14,15,16,,,,,,,,,,,,,,,,,,,,,,,,,,,,,17,18,,,,,,,,,,,,,,,,,8,9,10,11,,,,,,
PIC24HJ64GP206a RPy,,,,,,,,,,,,,,,,,,,,,,,,,,,,,,,,,,,,,,,,,,,,,,,,,,,,,,,,,,,,,,,,,,,,,,,,,,,,,,,,,,,,,,,,,,,,,,,,,,,,,,,,,,,,,,,,
PIC24HJ64GP206a ANn,,,,,,,,,,,,,,,,,0,1,2,3,4,5,6,7,8,9,10,11,12,13,14,15,,16,17,,,,,,,,,,,,,,,,,,,,,,,,,,,,,,,,,,,,,,,,,,,,,,,,,,,,,,,,,,,,,,,,,,,,,,,,,,,,,
PIC24HJ64GP206a CNm,,,,,,,,,,,,,,,,,2,3,4,5,6,7,,,,,,,,,,12,,,,,,,,,,,,,,1,0,,,,,,13,14,15,16,,,,,,,,,,,,,,,,,,,,,,,,,,,,,17,18,,,,,,,,,,,,,,,,,8,9,10,11,,,,,,
PIC24HJ128GP206 RPy,,,,,,,,,,,,,,,,,,,,,,,,,,,,,,,,,,,,,,,,,,,,,,,,,,,,,,,,,,,,,,,,,,,,,,,,,,,,,,,,,,,,,,,,,,,,,,,,,,,,,,,,,,,,,,,,
PIC24HJ128GP206 ANn,,,,,,,,,,,,,,,,,0,1,2,3,4,5,6,7,8,9,10,11,12,13,14,15,,16,17,,,,,,,,,,,,,,,,,,,,,,,,,,,,,,,,,,,,,,,,,,,,,,,,,,,,,,,,,,,,,,,,,,,,,,,,,,,,,
PIC24HJ128GP206 CNm,,,,,,,,,,,,,,,,,2,3,4,5,6,7,,,,,,,,,,12,,,,,,,,,,,,,,1,0,,,,,,13,14,15,16,,,,,,,,,,,,,,,,,,,,,,,,,,,,,17,18,,,,,,,,,,,,,,,,,8,9,10,11,,,,,,
PIC24HJ128GP206a RPy,,,,,,,,,,,,,,,,,,,,,,,,,,,,,,,,,,,,,,,,,,,,,,,,,,,,,,,,,,,,,,,,,,,,,,,,,,,,,,,,,,,,,,,,,,,,,,,,,,,,,,,,,,,,,,,,
PIC24HJ128GP206a ANn,,,,,,,,,,,,,,,,,0,1,2,3,4,5,6,7,8,9,10,11,12,13,14,15,,16,17,,,,,,,,,,,,,,,,,,,,,,,,,,,,,,,,,,,,,,,,,,,,,,,,,,,,,,,,,,,,,,,,,,,,,,,,,,,,,
PIC24HJ128GP206a CNm,,,,,,,,,,,,,,,,,2,3,4,5,6,7,,,,,,,,,,12,,,,,,,,,,,,,,1,0,,,,,,13,14,15,16,,,,,,,,,,,,,,,,,,,,,,,,,,,,,17,18,,,,,,,,,,,,,,,,,8,9,10,11,,,,,,
PIC24HJ256GP206 RPy,,,,,,,,,,,,,,,,,,,,,,,,,,,,,,,,,,,,,,,,,,,,,,,,,,,,,,,,,,,,,,,,,,,,,,,,,,,,,,,,,,,,,,,,,,,,,,,,,,,,,,,,,,,,,,,,
PIC24HJ256GP206 ANn,,,,,,,,,,,,,,,,,0,1,2,3,4,5,6,7,8,9,10,11,12,13,14,15,,16,17,,,,,,,,,,,,,,,,,,,,,,,,,,,,,,,,,,,,,,,,,,,,,,,,,,,,,,,,,,,,,,,,,,,,,,,,,,,,,
PIC24HJ256GP206 CNm,,,,,,,,,,,,,,,,,2,3,4,5,6,7,,,,,,,,,,12,,,,,,,,,,,,,,1,0,,,,,,13,14,15,16,,,,,,,,,,,,,,,,,,,,,,,,,,,,,17,18,,,,,,,,,,,,,,,,,8,9,10,11,,,,,,
PIC24HJ128GP306 RPy,,,,,,,,,,,,,,,,,,,,,,,,,,,,,,,,,,,,,,,,,,,,,,,,,,,,,,,,,,,,,,,,,,,,,,,,,,,,,,,,,,,,,,,,,,,,,,,,,,,,,,,,,,,,,,,,
PIC24HJ128GP306 ANn,,,,,,,,,,,,,,,,,0,1,2,3,4,5,6,7,8,9,10,11,12,13,14,15,,16,17,,,,,,,,,,,,,,,,,,,,,,,,,,,,,,,,,,,,,,,,,,,,,,,,,,,,,,,,,,,,,,,,,,,,,,,,,,,,,
PIC24HJ128GP306 CNm,,,,,,,,,,,,,,,,,2,3,4,5,6,7,,,,,,,,,,12,,,,,,,,,,,,,,1,0,,,,,,13,14,15,16,,,,,,,,,,,,,,,,,,,,,,,,,,,,,17,18,,,,,,,,,,,,,,,,,8,9,10,11,,,,,,
PIC24HJ128GP306a RPy,,,,,,,,,,,,,,,,,,,,,,,,,,,,,,,,,,,,,,,,,,,,,,,,,,,,,,,,,,,,,,,,,,,,,,,,,,,,,,,,,,,,,,,,,,,,,,,,,,,,,,,,,,,,,,,,
PIC24HJ128GP306a ANn,,,,,,,,,,,,,,,,,0,1,2,3,4,5,6,7,8,9,10,11,12,13,14,15,,16,17,,,,,,,,,,,,,,,,,,,,,,,,,,,,,,,,,,,,,,,,,,,,,,,,,,,,,,,,,,,,,,,,,,,,,,,,,,,,,
PIC24HJ128GP306a CNm,,,,,,,,,,,,,,,,,2,3,4,5,6,7,,,,,,,,,,12,,,,,,,,,,,,,,1,0,,,,,,13,14,15,16,,,,,,,,,,,,,,,,,,,,,,,,,,,,,17,18,,,,,,,,,,,,,,,,,8,9,10,11,,,,,,
PIC24HJ64GP506 RPy,,,,,,,,,,,,,,,,,,,,,,,,,,,,,,,,,,,,,,,,,,,,,,,,,,,,,,,,,,,,,,,,,,,,,,,,,,,,,,,,,,,,,,,,,,,,,,,,,,,,,,,,,,,,,,,,
PIC24HJ64GP506 ANn,,,,,,,,,,,,,,,,,0,1,2,3,4,5,6,7,8,9,10,11,12,13,14,15,,16,17,,,,,,,,,,,,,,,,,,,,,,,,,,,,,,,,,,,,,,,,,,,,,,,,,,,,,,,,,,,,,,,,,,,,,,,,,,,,,
PIC24HJ64GP506 CNm,,,,,,,,,,,,,,,,,2,3,4,5,6,7,,,,,,,,,,12,,,,,,,,,,,,,,1,0,,,,,,13,14,15,16,,,,,,,,,,,,,,,,,,,,,,,,,,,,,17,18,,,,,,,,,,,,,,,,,8,9,10,11,,,,,,
PIC24HJ128GP506 RPy,,,,,,,,,,,,,,,,,,,,,,,,,,,,,,,,,,,,,,,,,,,,,,,,,,,,,,,,,,,,,,,,,,,,,,,,,,,,,,,,,,,,,,,,,,,,,,,,,,,,,,,,,,,,,,,,
PIC24HJ128GP506 ANn,,,,,,,,,,,,,,,,,0,1,2,3,4,5,6,7,8,9,10,11,12,13,14,15,,16,17,,,,,,,,,,,,,,,,,,,,,,,,,,,,,,,,,,,,,,,,,,,,,,,,,,,,,,,,,,,,,,,,,,,,,,,,,,,,,
PIC24HJ128GP506 CNm,,,,,,,,,,,,,,,,,2,3,4,5,6,7,,,,,,,,,,12,,,,,,,,,,,,,,1,0,,,,,,13,14,15,16,,,,,,,,,,,,,,,,,,,,,,,,,,,,,17,18,,,,,,,,,,,,,,,,,8,9,10,11,,,,,,
PIC24HJ64GP506a RPy,,,,,,,,,,,,,,,,,,,,,,,,,,,,,,,,,,,,,,,,,,,,,,,,,,,,,,,,,,,,,,,,,,,,,,,,,,,,,,,,,,,,,,,,,,,,,,,,,,,,,,,,,,,,,,,,
PIC24HJ64GP506a ANn,,,,,,,,,,,,,,,,,0,1,2,3,4,5,6,7,8,9,10,11,12,13,14,15,,16,17,,,,,,,,,,,,,,,,,,,,,,,,,,,,,,,,,,,,,,,,,,,,,,,,,,,,,,,,,,,,,,,,,,,,,,,,,,,,,
PIC24HJ64GP506a CNm,,,,,,,,,,,,,,,,,2,3,4,5,6,7,,,,,,,,,,12,,,,,,,,,,,,,,1,0,,,,,,13,14,15,16,,,,,,,,,,,,,,,,,,,,,,,,,,,,,17,18,,,,,,,,,,,,,,,,,8,9,10,11,,,,,,
PIC24HJ128GP506a RPy,,,,,,,,,,,,,,,,,,,,,,,,,,,,,,,,,,,,,,,,,,,,,,,,,,,,,,,,,,,,,,,,,,,,,,,,,,,,,,,,,,,,,,,,,,,,,,,,,,,,,,,,,,,,,,,,
PIC24HJ128GP506a ANn,,,,,,,,,,,,,,,,,0,1,2,3,4,5,6,7,8,9,10,11,12,13,14,15,,16,17,,,,,,,,,,,,,,,,,,,,,,,,,,,,,,,,,,,,,,,,,,,,,,,,,,,,,,,,,,,,,,,,,,,,,,,,,,,,,
PIC24HJ128GP506a CNm,,,,,,,,,,,,,,,,,2,3,4,5,6,7,,,,,,,,,,12,,,,,,,,,,,,,,1,0,,,,,,13,14,15,16,,,,,,,,,,,,,,,,,,,,,,,,,,,,,17,18,,,,,,,,,,,,,,,,,8,9,10,11,,,,,,
PIC24HJ64GP210 RPy,,,,,,,,,,,,,,,,,,,,,,,,,,,,,,,,,,,,,,,,,,,,,,,,,,,,,,,,,,,,,,,,,,,,,,,,,,,,,,,,,,,,,,,,,,,,,,,,,,,,,,,,,,,,,,,,
PIC24HJ64GP210 ANn,,,,,,,22,23,,,,,20,21,,,0,1,2,3,4,5,6,7,8,9,10,11,12,13,14,15,,16,17,18,19,,,,,,,,,,,,,,,,,,,,,,,,,,,,24,25,26,27,28,29,30,31,,,,,,,,,,,,,,,,,,,,,,,,,,,,,,,,,,,,,,,,
PIC24HJ64GP210 CNm,,,,,,,22,23,,,,,,,,,2,3,4,5,6,7,,,,,,,,,,12,,,,,,,,,,,,,,1,0,,,,,,13,14,15,16,,,,,,19,20,21,,,,,,,,,,,,,,,,,,,,,17,18,,,,,,,,,,,,,,,,,8,9,10,11,,,,,,
PIC24HJ64GP210a RPy,,,,,,,,,,,,,,,,,,,,,,,,,,,,,,,,,,,,,,,,,,,,,,,,,,,,,,,,,,,,,,,,,,,,,,,,,,,,,,,,,,,,,,,,,,,,,,,,,,,,,,,,,,,,,,,,
PIC24HJ64GP210a ANn,,,,,,,22,23,,,,,20,21,,,0,1,2,3,4,5,6,7,8,9,10,11,12,13,14,15,,16,17,18,19,,,,,,,,,,,,,,,,,,,,,,,,,,,,24,25,26,27,28,29,30,31,,,,,,,,,,,,,,,,,,,,,,,,,,,,,,,,,,,,,,,,
PIC24HJ64GP210a CNm,,,,,,,22,23,,,,,,,,,2,3,4,5,6,7,,,,,,,,,,12,,,,,,,,,,,,,,1,0,,,,,,13,14,15,16,,,,,,19,20,21,,,,,,,,,,,,,,,,,,,,,17,18,,,,,,,,,,,,,,,,,8,9,10,11,,,,,,
PIC24HJ128GP210 RPy,,,,,,,,,,,,,,,,,,,,,,,,,,,,,,,,,,,,,,,,,,,,,,,,,,,,,,,,,,,,,,,,,,,,,,,,,,,,,,,,,,,,,,,,,,,,,,,,,,,,,,,,,,,,,,,,
PIC24HJ128GP210 ANn,,,,,,,22,23,,,,,20,21,,,0,1,2,3,4,5,6,7,8,9,10,11,12,13,14,15,,16,17,18,19,,,,,,,,,,,,,,,,,,,,,,,,,,,,24,25,26,27,28,29,30,31,,,,,,,,,,,,,,,,,,,,,,,,,,,,,,,,,,,,,,,,
PIC24HJ128GP210 CNm,,,,,,,22,23,,,,,,,,,2,3,4,5,6,7,,,,,,,,,,12,,,,,,,,,,,,,,1,0,,,,,,13,14,15,16,,,,,,19,20,21,,,,,,,,,,,,,,,,,,,,,17,18,,,,,,,,,,,,,,,,,8,9,10,11,,,,,,
PIC24HJ128GP210a RPy,,,,,,,,,,,,,,,,,,,,,,,,,,,,,,,,,,,,,,,,,,,,,,,,,,,,,,,,,,,,,,,,,,,,,,,,,,,,,,,,,,,,,,,,,,,,,,,,,,,,,,,,,,,,,,,,
PIC24HJ128GP210a ANn,,,,,,,22,23,,,,,20,21,,,0,1,2,3,4,5,6,7,8,9,10,11,12,13,14,15,,16,17,18,19,,,,,,,,,,,,,,,,,,,,,,,,,,,,24,25,26,27,28,29,30,31,,,,,,,,,,,,,,,,,,,,,,,,,,,,,,,,,,,,,,,,
PIC24HJ128GP210a CNm,,,,,,,22,23,,,,,,,,,2,3,4,5,6,7,,,,,,,,,,12,,,,,,,,,,,,,,1,0,,,,,,13,14,15,16,,,,,,19,20,21,,,,,,,,,,,,,,,,,,,,,17,18,,,,,,,,,,,,,,,,,8,9,10,11,,,,,,
PIC24HJ128GP310 RPy,,,,,,,,,,,,,,,,,,,,,,,,,,,,,,,,,,,,,,,,,,,,,,,,,,,,,,,,,,,,,,,,,,,,,,,,,,,,,,,,,,,,,,,,,,,,,,,,,,,,,,,,,,,,,,,,
PIC24HJ128GP310 ANn,,,,,,,22,23,,,,,20,21,,,0,1,2,3,4,5,6,7,8,9,10,11,12,13,14,15,,16,17,18,19,,,,,,,,,,,,,,,,,,,,,,,,,,,,24,25,26,27,28,29,30,31,,,,,,,,,,,,,,,,,,,,,,,,,,,,,,,,,,,,,,,,
PIC24HJ128GP310 CNm,,,,,,,22,23,,,,,,,,,2,3,4,5,6,7,,,,,,,,,,12,,,,,,,,,,,,,,1,0,,,,,,13,14,15,16,,,,,,19,20,21,,,,,,,,,,,,,,,,,,,,,17,18,,,,,,,,,,,,,,,,,8,9,10,11,,,,,,
PIC24HJ128GP310a RPy,,,,,,,,,,,,,,,,,,,,,,,,,,,,,,,,,,,,,,,,,,,,,,,,,,,,,,,,,,,,,,,,,,,,,,,,,,,,,,,,,,,,,,,,,,,,,,,,,,,,,,,,,,,,,,,,
PIC24HJ128GP310a ANn,,,,,,,22,23,,,,,20,21,,,0,1,2,3,4,5,6,7,8,9,10,11,12,13,14,15,,16,17,18,19,,,,,,,,,,,,,,,,,,,,,,,,,,,,24,25,26,27,28,29,30,31,,,,,,,,,,,,,,,,,,,,,,,,,,,,,,,,,,,,,,,,
PIC24HJ128GP310a CNm,,,,,,,22,23,,,,,,,,,2,3,4,5,6,7,,,,,,,,,,12,,,,,,,,,,,,,,1,0,,,,,,13,14,15,16,,,,,,19,20,21,,,,,,,,,,,,,,,,,,,,,17,18,,,,,,,,,,,,,,,,,8,9,10,11,,,,,,
PIC24HJ256GP210 RPy,,,,,,,,,,,,,,,,,,,,,,,,,,,,,,,,,,,,,,,,,,,,,,,,,,,,,,,,,,,,,,,,,,,,,,,,,,,,,,,,,,,,,,,,,,,,,,,,,,,,,,,,,,,,,,,,
PIC24HJ256GP210 ANn,,,,,,,22,23,,,,,20,21,,,0,1,2,3,4,5,6,7,8,9,10,11,12,13,14,15,,16,17,18,19,,,,,,,,,,,,,,,,,,,,,,,,,,,,24,25,26,27,28,29,30,31,,,,,,,,,,,,,,,,,,,,,,,,,,,,,,,,,,,,,,,,
PIC24HJ256GP210 CNm,,,,,,,22,23,,,,,,,,,2,3,4,5,6,7,,,,,,,,,,12,,,,,,,,,,,,,,1,0,,,,,,13,14,15,16,,,,,,19,20,21,,,,,,,,,,,,,,,,,,,,,17,18,,,,,,,,,,,,,,,,,8,9,10,11,,,,,,
PIC24HJ64GP510 RPy,,,,,,,,,,,,,,,,,,,,,,,,,,,,,,,,,,,,,,,,,,,,,,,,,,,,,,,,,,,,,,,,,,,,,,,,,,,,,,,,,,,,,,,,,,,,,,,,,,,,,,,,,,,,,,,,
PIC24HJ64GP510 ANn,,,,,,,22,23,,,,,20,21,,,0,1,2,3,4,5,6,7,8,9,10,11,12,13,14,15,,16,17,18,19,,,,,,,,,,,,,,,,,,,,,,,,,,,,24,25,26,27,28,29,30,31,,,,,,,,,,,,,,,,,,,,,,,,,,,,,,,,,,,,,,,,
PIC24HJ64GP510 CNm,,,,,,,22,23,,,,,,,,,2,3,4,5,6,7,,,,,,,,,,12,,,,,,,,,,,,,,1,0,,,,,,13,14,15,16,,,,,,19,20,21,,,,,,,,,,,,,,,,,,,,,17,18,,,,,,,,,,,,,,,,,8,9,10,11,,,,,,
PIC24HJ128GP510 RPy,,,,,,,,,,,,,,,,,,,,,,,,,,,,,,,,,,,,,,,,,,,,,,,,,,,,,,,,,,,,,,,,,,,,,,,,,,,,,,,,,,,,,,,,,,,,,,,,,,,,,,,,,,,,,,,,
PIC24HJ128GP510 ANn,,,,,,,22,23,,,,,20,21,,,0,1,2,3,4,5,6,7,8,9,10,11,12,13,14,15,,16,17,18,19,,,,,,,,,,,,,,,,,,,,,,,,,,,,24,25,26,27,28,29,30,31,,,,,,,,,,,,,,,,,,,,,,,,,,,,,,,,,,,,,,,,
PIC24HJ128GP510 CNm,,,,,,,22,23,,,,,,,,,2,3,4,5,6,7,,,,,,,,,,12,,,,,,,,,,,,,,1,0,,,,,,13,14,15,16,,,,,,19,20,21,,,,,,,,,,,,,,,,,,,,,17,18,,,,,,,,,,,,,,,,,8,9,10,11,,,,,,
PIC24HJ64GP510a RPy,,,,,,,,,,,,,,,,,,,,,,,,,,,,,,,,,,,,,,,,,,,,,,,,,,,,,,,,,,,,,,,,,,,,,,,,,,,,,,,,,,,,,,,,,,,,,,,,,,,,,,,,,,,,,,,,
PIC24HJ64GP510a ANn,,,,,,,22,23,,,,,20,21,,,0,1,2,3,4,5,6,7,8,9,10,11,12,13,14,15,,16,17,18,19,,,,,,,,,,,,,,,,,,,,,,,,,,,,24,25,26,27,28,29,30,31,,,,,,,,,,,,,,,,,,,,,,,,,,,,,,,,,,,,,,,,
PIC24HJ64GP510a CNm,,,,,,,22,23,,,,,,,,,2,3,4,5,6,7,,,,,,,,,,12,,,,,,,,,,,,,,1,0,,,,,,13,14,15,16,,,,,,19,20,21,,,,,,,,,,,,,,,,,,,,,17,18,,,,,,,,,,,,,,,,,8,9,10,11,,,,,,
PIC24HJ128GP510a RPy,,,,,,,,,,,,,,,,,,,,,,,,,,,,,,,,,,,,,,,,,,,,,,,,,,,,,,,,,,,,,,,,,,,,,,,,,,,,,,,,,,,,,,,,,,,,,,,,,,,,,,,,,,,,,,,,
PIC24HJ128GP510a ANn,,,,,,,22,23,,,,,20,21,,,0,1,2,3,4,5,6,7,8,9,10,11,12,13,14,15,,16,17,18,19,,,,,,,,,,,,,,,,,,,,,,,,,,,,24,25,26,27,28,29,30,31,,,,,,,,,,,,,,,,,,,,,,,,,,,,,,,,,,,,,,,,
PIC24HJ128GP510a CNm,,,,,,,22,23,,,,,,,,,2,3,4,5,6,7,,,,,,,,,,12,,,,,,,,,,,,,,1,0,,,,,,13,14,15,16,,,,,,19,20,21,,,,,,,,,,,,,,,,,,,,,17,18,,,,,,,,,,,,,,,,,8,9,10,11,,,,,,
PIC24HJ256GP610 RPy,,,,,,,,,,,,,,,,,,,,,,,,,,,,,,,,,,,,,,,,,,,,,,,,,,,,,,,,,,,,,,,,,,,,,,,,,,,,,,,,,,,,,,,,,,,,,,,,,,,,,,,,,,,,,,,,
PIC24HJ256GP610 ANn,,,,,,,22,23,,,,,20,21,,,0,1,2,3,4,5,6,7,8,9,10,11,12,13,14,15,,16,17,18,19,,,,,,,,,,,,,,,,,,,,,,,,,,,,24,25,26,27,28,29,30,31,,,,,,,,,,,,,,,,,,,,,,,,,,,,,,,,,,,,,,,,
PIC24HJ256GP610 CNm,,,,,,,22,23,,,,,,,,,2,3,4,5,6,7,,,,,,,,,,12,,,,,,,,,,,,,,1,0,,,,,,13,14,15,16,,,,,,19,20,21,,,,,,,,,,,,,,,,,,,,,17,18,,,,,,,,,,,,,,,,,8,9,10,11,,,,,,
PIC24FJ16ga002 RPy,,,,,,,,,,,,,,,,,0,1,2,3,,,,,,,,,12,13,14,15,,,,,,,,,,,,,,,,,,,,,,,,,,,,,,,,,,,,,,,,,,,,,,,,,,,,,,,,,,,,,,,,,,,,,,,,,,,,,,,,
PIC24FJ16ga002 ANn,0,1,,,,,,,,,,,,,,,2,3,4,5,,,,,,,,,12,11,10,9,,,,,,,,,,,,,,,,,,,,,,,,,,,,,,,,,,,,,,,,,,,,,,,,,,,,,,,,,,,,,,,,,,,,,,,,,,,,,,,,
PIC24FJ16ga002 CNm,2,3,30,29,0,,,,,,,,,,,,4,5,6,7,1,27,24,23,22,21,16,15,14,13,12,11,,,,,,,,,,,,,,,,,,,,,,,,,,,,,,,,,,,,,,,,,,,,,,,,,,,,,,,,,,,,,,,,,,,,,,,,,,,,,,,,
PIC24FJ32ga002 RPy,,,,,,,,,,,,,,,,,0,1,2,3,,,,,,,,,12,13,14,15,,,,,,,,,,,,,,,,,,,,,,,,,,,,,,,,,,,,,,,,,,,,,,,,,,,,,,,,,,,,,,,,,,,,,,,,,,,,,,,,
PIC24FJ32ga002 ANn,0,1,,,,,,,,,,,,,,,2,3,4,5,,,,,,,,,12,11,10,9,,,,,,,,,,,,,,,,,,,,,,,,,,,,,,,,,,,,,,,,,,,,,,,,,,,,,,,,,,,,,,,,,,,,,,,,,,,,,,,,
PIC24FJ32ga002 CNm,2,3,30,29,0,,,,,,,,,,,,4,5,6,7,1,27,24,23,22,21,16,15,14,13,12,11,,,,,,,,,,,,,,,,,,,,,,,,,,,,,,,,,,,,,,,,,,,,,,,,,,,,,,,,,,,,,,,,,,,,,,,,,,,,,,,,
PIC24FJ48ga002 RPy,,,,,,,,,,,,,,,,,0,1,2,3,,,,,,,,,12,13,14,15,,,,,,,,,,,,,,,,,,,,,,,,,,,,,,,,,,,,,,,,,,,,,,,,,,,,,,,,,,,,,,,,,,,,,,,,,,,,,,,,
PIC24FJ48ga002 ANn,0,1,,,,,,,,,,,,,,,2,3,4,5,,,,,,,,,12,11,10,9,,,,,,,,,,,,,,,,,,,,,,,,,,,,,,,,,,,,,,,,,,,,,,,,,,,,,,,,,,,,,,,,,,,,,,,,,,,,,,,,
PIC24FJ48ga002 CNm,2,3,30,29,0,,,,,,,,,,,,4,5,6,7,1,27,24,23,22,21,16,15,14,13,12,11,,,,,,,,,,,,,,,,,,,,,,,,,,,,,,,,,,,,,,,,,,,,,,,,,,,,,,,,,,,,,,,,,,,,,,,,,,,,,,,,
PIC24FJ64ga002 RPy,,,,,,,,,,,,,,,,,0,1,2,3,,,,,,,,,12,13,14,15,,,,,,,,,,,,,,,,,,,,,,,,,,,,,,,,,,,,,,,,,,,,,,,,,,,,,,,,,,,,,,,,,,,,,,,,,,,,,,,,
PIC24FJ64ga002 ANn,0,1,,,,,,,,,,,,,,,2,3,4,5,,,,,,,,,12,11,10,9,,,,,,,,,,,,,,,,,,,,,,,,,,,,,,,,,,,,,,,,,,,,,,,,,,,,,,,,,,,,,,,,,,,,,,,,,,,,,,,,
PIC24FJ64ga002 CNm,2,3,30,29,0,,,,,,,,,,,,4,5,6,7,1,27,24,23,22,21,16,15,14,13,12,11,,,,,,,,,,,,,,,,,,,,,,,,,,,,,,,,,,,,,,,,,,,,,,,,,,,,,,,,,,,,,,,,,,,,,,,,,,,,,,,,
PIC24FJ32ga102 RPy,,,,,,,,,,,,,,,,,0,1,2,3,,,,,,,,,12,13,14,15,,,,,,,,,,,,,,,,,,,,,,,,,,,,,,,,,,,,,,,,,,,,,,,,,,,,,,,,,,,,,,,,,,,,,,,,,,,,,,,,
PIC24FJ32ga102 ANn,0,1,,,,,,,,,,,,,,,2,3,4,5,,,,,,,,,12,11,10,9,,,,,,,,,,,,,,,,,,,,,,,,,,,,,,,,,,,,,,,,,,,,,,,,,,,,,,,,,,,,,,,,,,,,,,,,,,,,,,,,
PIC24FJ32ga102 CNm,2,3,30,29,0,,,,,,,,,,,,4,5,6,7,1,27,24,23,22,21,16,15,14,13,12,11,,,,,,,,,,,,,,,,,,,,,,,,,,,,,,,,,,,,,,,,,,,,,,,,,,,,,,,,,,,,,,,,,,,,,,,,,,,,,,,,
PIC24FJ64ga102 RPy,,,,,,,,,,,,,,,,,0,1,2,3,,,,,,,,,12,13,14,15,,,,,,,,,,,,,,,,,,,,,,,,,,,,,,,,,,,,,,,,,,,,,,,,,,,,,,,,,,,,,,,,,,,,,,,,,,,,,,,,
PIC24FJ64ga102 ANn,0,1,,,,,,,,,,,,,,,2,3,4,5,,,,,,,,,12,11,10,9,,,,,,,,,,,,,,,,,,,,,,,,,,,,,,,,,,,,,,,,,,,,,,,,,,,,,,,,,,,,,,,,,,,,,,,,,,,,,,,,
PIC24FJ64ga102 CNm,2,3,30,29,0,,,,,,,,,,,,4,5,6,7,1,27,24,23,22,21,16,15,14,13,12,11,,,,,,,,,,,,,,,,,,,,,,,,,,,,,,,,,,,,,,,,,,,,,,,,,,,,,,,,,,,,,,,,,,,,,,,,,,,,,,,,
PIC24FJ32gb002 RPy,5,6,,,,,,,,,,,,,,,0,1,2,3,,,,,,,,,,13,14,15,,,,,,,,,,,,,,,,,,,,,,,,,,,,,,,,,,,,,,,,,,,,,,,,,,,,,,,,,,,,,,,,,,,,,,,,,,,,,,,,
PIC24FJ32gb002 ANn,0,1,,,,,,,,,,,,,,,2,3,4,5,,,,,,,,,,11,10,9,,,,,,,,,,,,,,,,,,,,,,,,,,,,,,,,,,,,,,,,,,,,,,,,,,,,,,,,,,,,,,,,,,,,,,,,,,,,,,,,
PIC24FJ32gb002 CNm,2,3,30,29,0,,,,,,,,,,,,4,5,6,7,1,27,,23,22,21,16,15,,13,12,11,,,,,,,,,,,,,,,,,,,,,,,,,,,,,,,,,,,,,,,,,,,,,,,,,,,,,,,,,,,,,,,,,,,,,,,,,,,,,,,,
PIC24FJ64gb002 RPy,5,6,,,,,,,,,,,,,,,0,1,2,3,,,,,,,,,,13,14,15,,,,,,,,,,,,,,,,,,,,,,,,,,,,,,,,,,,,,,,,,,,,,,,,,,,,,,,,,,,,,,,,,,,,,,,,,,,,,,,,
PIC24FJ64gb002 ANn,0,1,,,,,,,,,,,,,,,2,3,4,5,,,,,,,,,,11,10,9,,,,,,,,,,,,,,,,,,,,,,,,,,,,,,,,,,,,,,,,,,,,,,,,,,,,,,,,,,,,,,,,,,,,,,,,,,,,,,,,
PIC24FJ64gb002 CNm,2,3,30,29,0,,,,,,,,,,,,4,5,6,7,1,27,,23,22,21,16,15,,13,12,11,,,,,,,,,,,,,,,,,,,,,,,,,,,,,,,,,,,,,,,,,,,,,,,,,,,,,,,,,,,,,,,,,,,,,,,,,,,,,,,,
PIC24FJ16ga004 RPy,,,,,,,,,,,,,,,,,0,1,2,3,,,,,,,,,,13,14,15,16,17,18,,,,,,,,,,,,,,,,,,,,,,,,,,,,,,,,,,,,,,,,,,,,,,,,,,,,,,,,,,,,,,,,,,,,,,,,,,,,,
PIC24FJ16ga004 ANn,0,1,,,,,,,,,,,,,,,2,3,4,5,,,,,,,,,,11,10,9,6,7,8,,,,,,,,,,,,,,,,,,,,,,,,,,,,,,,,,,,,,,,,,,,,,,,,,,,,,,,,,,,,,,,,,,,,,,,,,,,,,
PIC24FJ16ga004 CNm,2,3,30,29,0,,,,,,,,,,,,4,5,6,7,1,27,24,23,22,21,16,15,14,13,12,11,8,9,10,28,25,26,18,17,20,19,,,,,,,,,,,,,,,,,,,,,,,,,,,,,,,,,,,,,,,,,,,,,,,,,,,,,,,,,,,,,,,,,,,,,,
PIC24FJ32ga004 RPy,,,,,,,,,,,,,,,,,0,1,2,3,,,,,,,,,,13,14,15,16,17,18,,,,,,,,,,,,,,,,,,,,,,,,,,,,,,,,,,,,,,,,,,,,,,,,,,,,,,,,,,,,,,,,,,,,,,,,,,,,,
PIC24FJ32ga004 ANn,0,1,,,,,,,,,,,,,,,2,3,4,5,,,,,,,,,,11,10,9,6,7,8,,,,,,,,,,,,,,,,,,,,,,,,,,,,,,,,,,,,,,,,,,,,,,,,,,,,,,,,,,,,,,,,,,,,,,,,,,,,,
PIC24FJ32ga004 CNm,2,3,30,29,0,,,,,,,,,,,,4,5,6,7,1,27,24,23,22,21,16,15,14,13,12,11,8,9,10,28,25,26,18,17,20,19,,,,,,,,,,,,,,,,,,,,,,,,,,,,,,,,,,,,,,,,,,,,,,,,,,,,,,,,,,,,,,,,,,,,,,
PIC24FJ48ga004 RPy,,,,,,,,,,,,,,,,,0,1,2,3,,,,,,,,,,13,14,15,16,17,18,,,,,,,,,,,,,,,,,,,,,,,,,,,,,,,,,,,,,,,,,,,,,,,,,,,,,,,,,,,,,,,,,,,,,,,,,,,,,
PIC24FJ48ga004 ANn,0,1,,,,,,,,,,,,,,,2,3,4,5,,,,,,,,,,11,10,9,6,7,8,,,,,,,,,,,,,,,,,,,,,,,,,,,,,,,,,,,,,,,,,,,,,,,,,,,,,,,,,,,,,,,,,,,,,,,,,,,,,
PIC24FJ48ga004 CNm,2,3,30,29,0,,,,,,,,,,,,4,5,6,7,1,27,24,23,22,21,16,15,14,13,12,11,8,9,10,28,25,26,18,17,20,19,,,,,,,,,,,,,,,,,,,,,,,,,,,,,,,,,,,,,,,,,,,,,,,,,,,,,,,,,,,,,,,,,,,,,,
PIC24FJ64ga004 RPy,,,,,,,,,,,,,,,,,0,1,2,3,,,,,,,,,,13,14,15,16,17,18,,,,,,,,,,,,,,,,,,,,,,,,,,,,,,,,,,,,,,,,,,,,,,,,,,,,,,,,,,,,,,,,,,,,,,,,,,,,,
PIC24FJ64ga004 ANn,0,1,,,,,,,,,,,,,,,2,3,4,5,,,,,,,,,,11,10,9,6,7,8,,,,,,,,,,,,,,,,,,,,,,,,,,,,,,,,,,,,,,,,,,,,,,,,,,,,,,,,,,,,,,,,,,,,,,,,,,,,,
PIC24FJ64ga004 CNm,2,3,30,29,0,,,,,,,,,,,,4,5,6,7,1,27,24,23,22,21,16,15,14,13,12,11,8,9,10,28,25,26,18,17,20,19,,,,,,,,,,,,,,,,,,,,,,,,,,,,,,,,,,,,,,,,,,,,,,,,,,,,,,,,,,,,,,,,,,,,,,
PIC24FJ32ga104 RPy,,,,,,,,,,,,,,,,,0,1,2,3,,,,,,,,,,13,14,15,16,17,18,,,,,,,,,,,,,,,,,,,,,,,,,,,,,,,,,,,,,,,,,,,,,,,,,,,,,,,,,,,,,,,,,,,,,,,,,,,,,
PIC24FJ32ga104 ANn,0,1,,,,,,,,,,,,,,,2,3,4,5,,,,,,,,,,11,10,9,6,7,8,,,,,,,,,,,,,,,,,,,,,,,,,,,,,,,,,,,,,,,,,,,,,,,,,,,,,,,,,,,,,,,,,,,,,,,,,,,,,
PIC24FJ32ga104 CNm,2,3,30,29,0,,,,,,,,,,,,4,5,6,7,1,27,24,23,22,21,16,15,14,13,12,11,8,9,10,28,25,26,18,17,20,19,,,,,,,,,,,,,,,,,,,,,,,,,,,,,,,,,,,,,,,,,,,,,,,,,,,,,,,,,,,,,,,,,,,,,,
PIC24FJ64ga104 RPy,,,,,,,,,,,,,,,,,0,1,2,3,,,,,,,,,,13,14,15,16,17,18,,,,,,,,,,,,,,,,,,,,,,,,,,,,,,,,,,,,,,,,,,,,,,,,,,,,,,,,,,,,,,,,,,,,,,,,,,,,,
PIC24FJ64ga104 ANn,0,1,,,,,,,,,,,,,,,2,3,4,5,,,,,,,,,,11,10,9,6,7,8,,,,,,,,,,,,,,,,,,,,,,,,,,,,,,,,,,,,,,,,,,,,,,,,,,,,,,,,,,,,,,,,,,,,,,,,,,,,,
PIC24FJ64ga104 CNm,2,3,30,29,0,,,,,,,,,,,,4,5,6,7,1,27,24,23,22,21,16,15,14,13,12,11,8,9,10,28,25,26,18,17,20,19,,,,,,,,,,,,,,,,,,,,,,,,,,,,,,,,,,,,,,,,,,,,,,,,,,,,,,,,,,,,,,,,,,,,,,
PIC24FJ32gb004 RPy,,,,,,,,,,,,,,,,,,,,,,,,,,,,,,,,,,,,,,,,,,,,,,,,,,,,,,,,,,,,,,,,,,,,,,,,,,,,,,,,,,,,,,,,,,,,,,,,,,,,,,,,,,,,,,,,
PIC24FJ32gb004 ANn,,,,,,,,,,,,,,,,,,,,,,,,,,,,,,,,,,,,,,,,,,,,,,,,,,,,,,,,,,,,,,,,,,,,,,,,,,,,,,,,,,,,,,,,,,,,,,,,,,,,,,,,,,,,,,,,
PIC24FJ32gb004 CNm,2,3,30,29,0,,,,,,,,,,,,4,5,6,7,1,27,,23,18,22,16,15,,13,12,11,8,9,10,28,25,26,18,17,20,19,,,,,,,,,,,,,,,,,,,,,,,,,,,,,,,,,,,,,,,,,,,,,,,,,,,,,,,,,,,,,,,,,,,,,,
PIC24FJ64gb004 RPy,,,,,,,,,,,,,,,,,,,,,,,,,,,,,,,,,,,,,,,,,,,,,,,,,,,,,,,,,,,,,,,,,,,,,,,,,,,,,,,,,,,,,,,,,,,,,,,,,,,,,,,,,,,,,,,,
PIC24FJ64gb004 ANn,,,,,,,,,,,,,,,,,,,,,,,,,,,,,,,,,,,,,,,,,,,,,,,,,,,,,,,,,,,,,,,,,,,,,,,,,,,,,,,,,,,,,,,,,,,,,,,,,,,,,,,,,,,,,,,,
PIC24FJ64gb004 CNm,2,3,30,29,0,,,,,,,,,,,,4,5,6,7,1,27,,23,18,22,16,15,,13,12,11,8,9,10,28,25,26,18,17,20,19,,,,,,,,,,,,,,,,,,,,,,,,,,,,,,,,,,,,,,,,,,,,,,,,,,,,,,,,,,,,,,,,,,,,,,
PIC24FJ128ga106 RPy,,,,,,,,,,,,,,,,,0,1,13,,28,18,6,7,8,9,,,,,14,29,,,,,,,,,,,,,,,,,,,,,,,,,,,,,,,,,,,,,,,,,,,,,,,,,,,,,,,,,,,,,,,,,,,,,,,,,,,,,,,,
PIC24FJ128ga106 ANn,,,,,,,,,,,,,,,,,0,1,2,3,4,5,6,7,8,9,10,11,12,13,14,15,,,,,,,,,,,,,,,,,,,,,,,,,,,,,,,,,,,,,,,,,,,,,,,,,,,,,,,,,,,,,,,,,,,,,,,,,,,,,,,,
PIC24FJ128ga106 CNm,,,,,,,,,,,,,,,,,2,3,4,5,6,7,24,25,26,27,28,29,30,31,32,12,,,,,,,,,,,,,23,1,0,22,49,50,51,52,13,14,15,16,53,54,55,56,,,,,58,59,60,61,62,63,64,65,,,,,,,,,68,69,70,71,17,18,72,,,,,,,,,,,,83,84,,,8,9,10,11,,,,,,
PIC24FJ192ga106 RPy,,,,,,,,,,,,,,,,,0,1,13,,28,18,6,7,8,9,,,,,14,29,,,,,,,,,,,,,,,,,,,,,,,,,,,,,,,,,,,,,,,,,,,,,,,,,,,,,,,,,,,,,,,,,,,,,,,,,,,,,,,,
PIC24FJ192ga106 ANn,,,,,,,,,,,,,,,,,0,1,2,3,4,5,6,7,8,9,10,11,12,13,14,15,,,,,,,,,,,,,,,,,,,,,,,,,,,,,,,,,,,,,,,,,,,,,,,,,,,,,,,,,,,,,,,,,,,,,,,,,,,,,,,,
PIC24FJ192ga106 CNm,,,,,,,,,,,,,,,,,2,3,4,5,6,7,24,25,26,27,28,29,30,31,32,12,,,,,,,,,,,,,23,1,0,22,49,50,51,52,13,14,15,16,53,54,55,56,,,,,58,59,60,61,62,63,64,65,,,,,,,,,68,69,70,71,17,18,72,,,,,,,,,,,,83,84,,,8,9,10,11,,,,,,
PIC24FJ256ga106 RPy,,,,,,,,,,,,,,,,,0,1,13,,28,18,6,7,8,9,,,,,14,29,,,,,,,,,,,,,,,,,,,,,,,,,,,,,,,,,,,,,,,,,,,,,,,,,,,,,,,,,,,,,,,,,,,,,,,,,,,,,,,,
PIC24FJ256ga106 ANn,,,,,,,,,,,,,,,,,0,1,2,3,4,5,6,7,8,9,10,11,12,13,14,15,,,,,,,,,,,,,,,,,,,,,,,,,,,,,,,,,,,,,,,,,,,,,,,,,,,,,,,,,,,,,,,,,,,,,,,,,,,,,,,,
PIC24FJ256ga106 CNm,,,,,,,,,,,,,,,,,2,3,4,5,6,7,24,25,26,27,28,29,30,31,32,12,,,,,,,,,,,,,23,1,0,22,49,50,51,52,13,14,15,16,53,54,55,56,,,,,58,59,60,61,62,63,64,65,,,,,,,,,68,69,70,71,17,18,72,,,,,,,,,,,,83,84,,,8,9,10,11,,,,,,
PIC24FJ64ga006 RPy,,,,,,,,,,,,,,,,,,,,,,,,,,,,,,,,,,,,,,,,,,,,,,,,,,,,,,,,,,,,,,,,,,,,,,,,,,,,,,,,,,,,,,,,,,,,,,,,,,,,,,,,,,,,,,,,
PIC24FJ64ga006 ANn,,,,,,,,,,,,,,,,,0,1,2,3,4,5,6,7,8,9,10,11,12,13,14,15,,,,,,,,,,,,,,,,,,,,,,,,,,,,,,,,,,,,,,,,,,,,,,,,,,,,,,,,,,,,,,,,,,,,,,,,,,,,,,,,
PIC24FJ64ga006 CNm,,,,,,,,,,,,,,,,,2,3,4,5,6,7,,,,,,,,,,12,,,,,,,,,,,,,,1,0,,,,,,13,14,15,16,,,,,,,,,,,,,,,,,,,,,,,,,,,,,17,18,,,,,,,,,,,,,,,,,8,9,10,11,,,,,,
PIC24FJ96ga006 RPy,,,,,,,,,,,,,,,,,,,,,,,,,,,,,,,,,,,,,,,,,,,,,,,,,,,,,,,,,,,,,,,,,,,,,,,,,,,,,,,,,,,,,,,,,,,,,,,,,,,,,,,,,,,,,,,,
PIC24FJ96ga006 ANn,,,,,,,,,,,,,,,,,0,1,2,3,4,5,6,7,8,9,10,11,12,13,14,15,,,,,,,,,,,,,,,,,,,,,,,,,,,,,,,,,,,,,,,,,,,,,,,,,,,,,,,,,,,,,,,,,,,,,,,,,,,,,,,,
PIC24FJ96ga006 CNm,,,,,,,,,,,,,,,,,2,3,4,5,6,7,,,,,,,,,,12,,,,,,,,,,,,,,1,0,,,,,,13,14,15,16,,,,,,,,,,,,,,,,,,,,,,,,,,,,,17,18,,,,,,,,,,,,,,,,,8,9,10,11,,,,,,
PIC24FJ128ga006 RPy,,,,,,,,,,,,,,,,,,,,,,,,,,,,,,,,,,,,,,,,,,,,,,,,,,,,,,,,,,,,,,,,,,,,,,,,,,,,,,,,,,,,,,,,,,,,,,,,,,,,,,,,,,,,,,,,
PIC24FJ128ga006 ANn,,,,,,,,,,,,,,,,,0,1,2,3,4,5,6,7,8,9,10,11,12,13,14,15,,,,,,,,,,,,,,,,,,,,,,,,,,,,,,,,,,,,,,,,,,,,,,,,,,,,,,,,,,,,,,,,,,,,,,,,,,,,,,,,
PIC24FJ128ga006 CNm,,,,,,,,,,,,,,,,,2,3,4,5,6,7,,,,,,,,,,12,,,,,,,,,,,,,,1,0,,,,,,13,14,15,16,,,,,,,,,,,,,,,,,,,,,,,,,,,,,17,18,,,,,,,,,,,,,,,,,8,9,10,11,,,,,,
PIC24FJ64gb106 RPy,,,,,,,,,,,,,,,,,0,1,13,,28,18,6,7,8,9,,,,,14,29,,,,,,,,,,,,,,,,,,,,,,,,,,,,,,,,,,,,,,,,,,,,,,,,,,,,,,,,,,,,,,,,,,,,,,,,,,,,,,,,
PIC24FJ64gb106 ANn,,,,,,,,,,,,,,,,,0,1,2,3,4,5,6,7,8,9,10,11,12,13,14,15,,,,,,,,,,,,,,,,,,,,,,,,,,,,,,,,,,,,,,,,,,,,,,,,,,,,,,,,,,,,,,,,,,,,,,,,,,,,,,,,
PIC24FJ64gb106 CNm,,,,,,,,,,,,,,,,,2,3,4,5,6,7,24,25,26,27,28,29,30,31,32,12,,,,,,,,,,,,,23,1,0,22,49,50,51,52,13,14,15,16,53,54,55,56,,,,,58,59,60,61,62,63,64,65,,,,,,,,,68,69,,71,17,18,,,,,,,,,,,,,,,,,8,9,10,11,,,,,,
PIC24FJ128gb106 RPy,,,,,,,,,,,,,,,,,0,1,13,,28,18,6,7,8,9,,,,,14,29,,,,,,,,,,,,,,,,,,,,,,,,,,,,,,,,,,,,,,,,,,,,,,,,,,,,,,,,,,,,,,,,,,,,,,,,,,,,,,,,
PIC24FJ128gb106 ANn,,,,,,,,,,,,,,,,,0,1,2,3,4,5,6,7,8,9,10,11,12,13,14,15,,,,,,,,,,,,,,,,,,,,,,,,,,,,,,,,,,,,,,,,,,,,,,,,,,,,,,,,,,,,,,,,,,,,,,,,,,,,,,,,
PIC24FJ128gb106 CNm,,,,,,,,,,,,,,,,,2,3,4,5,6,7,24,25,26,27,28,29,30,31,32,12,,,,,,,,,,,,,23,1,0,22,49,50,51,52,13,14,15,16,53,54,55,56,,,,,58,59,60,61,62,63,64,65,,,,,,,,,68,69,,71,17,18,,,,,,,,,,,,,,,,,8,9,10,11,,,,,,
PIC24FJ192gb106 RPy,,,,,,,,,,,,,,,,,0,1,13,,28,18,6,7,8,9,,,,,14,29,,,,,,,,,,,,,,,,,,,,,,,,,,,,,,,,,,,,,,,,,,,,,,,,,,,,,,,,,,,,,,,,,,,,,,,,,,,,,,,,
PIC24FJ192gb106 ANn,,,,,,,,,,,,,,,,,0,1,2,3,4,5,6,7,8,9,10,11,12,13,14,15,,,,,,,,,,,,,,,,,,,,,,,,,,,,,,,,,,,,,,,,,,,,,,,,,,,,,,,,,,,,,,,,,,,,,,,,,,,,,,,,
PIC24FJ192gb106 CNm,,,,,,,,,,,,,,,,,2,3,4,5,6,7,24,25,26,27,28,29,30,31,32,12,,,,,,,,,,,,,23,1,0,22,49,50,51,52,13,14,15,16,53,54,55,56,,,,,58,59,60,61,62,63,64,65,,,,,,,,,68,69,,71,17,18,,,,,,,,,,,,,,,,,8,9,10,11,,,,,,
PIC24FJ256gb106 RPy,,,,,,,,,,,,,,,,,0,1,13,,28,18,6,7,8,9,,,,,14,29,,,,,,,,,,,,,,,,,,,,,,,,,,,,,,,,,,,,,,,,,,,,,,,,,,,,,,,,,,,,,,,,,,,,,,,,,,,,,,,,
PIC24FJ256gb106 ANn,,,,,,,,,,,,,,,,,0,1,2,3,4,5,6,7,8,9,10,11,12,13,14,15,,,,,,,,,,,,,,,,,,,,,,,,,,,,,,,,,,,,,,,,,,,,,,,,,,,,,,,,,,,,,,,,,,,,,,,,,,,,,,,,
PIC24FJ256gb106 CNm,,,,,,,,,,,,,,,,,2,3,4,5,6,7,24,25,26,27,28,29,30,31,32,12,,,,,,,,,,,,,23,1,0,22,49,50,51,52,13,14,15,16,53,54,55,56,,,,,58,59,60,61,62,63,64,65,,,,,,,,,68,69,,71,17,18,,,,,,,,,,,,,,,,,8,9,10,11,,,,,,
PIC24FJ128ga110 RPy,,,,,,,,,,,,,,,,,0,1,13,,28,18,6,7,8,9,,,,,14,29,,,,,,,,,,,,,,,,,,,,,,,,,,,,,,,,,,,,,,,,,,,,,,,,,,,,,,,,,,,,,,,,,,,,,,,,,,,,,,,,
PIC24FJ128ga110 ANn,,,,,,,,,,,,,,,,,0,1,2,3,4,5,6,7,8,9,10,11,12,13,14,15,,,,,,,,,,,,,,,,,,,,,,,,,,,,,,,,,,,,,,,,,,,,,,,,,,,,,,,,,,,,,,,,,,,,,,,,,,,,,,,,
PIC24FJ128ga110 CNm,33,34,35,36,37,38,39,40,,41,42,,,,43,44,2,3,4,5,6,7,24,25,26,27,28,29,30,31,32,12,,45,46,47,48,,,,,,,,23,1,0,22,49,50,51,52,13,14,15,16,53,54,55,56,57,19,20,21,58,59,60,61,62,63,64,65,66,67,,,,,,,68,69,70,71,17,18,72,73,74,,,,75,76,,,77,78,83,84,,,8,9,10,11,,,79,80,81,82
PIC24FJ192ga110 RPy,,,,,,,,,,,,,,,,,0,1,13,,28,18,6,7,8,9,,,,,14,29,,,,,,,,,,,,,,,,,,,,,,,,,,,,,,,,,,,,,,,,,,,,,,,,,,,,,,,,,,,,,,,,,,,,,,,,,,,,,,,,
PIC24FJ192ga110 ANn,,,,,,,,,,,,,,,,,0,1,2,3,4,5,6,7,8,9,10,11,12,13,14,15,,,,,,,,,,,,,,,,,,,,,,,,,,,,,,,,,,,,,,,,,,,,,,,,,,,,,,,,,,,,,,,,,,,,,,,,,,,,,,,,
PIC24FJ192ga110 CNm,33,34,35,36,37,38,39,40,,41,42,,,,43,44,2,3,4,5,6,7,24,25,26,27,28,29,30,31,32,12,,45,46,47,48,,,,,,,,23,1,0,22,49,50,51,52,13,14,15,16,53,54,55,56,57,19,20,21,58,59,60,61,62,63,64,65,66,67,,,,,,,68,69,70,71,17,18,72,73,74,,,,75,76,,,77,78,83,84,,,8,9,10,11,,,79,80,81,82
PIC24FJ256ga110 RPy,,,,,,,,,,,,,,,,,0,1,13,,28,18,6,7,8,9,,,,,14,29,,,,,,,,,,,,,,,,,,,,,,,,,,,,,,,,,,,,,,,,,,,,,,,,,,,,,,,,,,,,,,,,,,,,,,,,,,,,,,,,
PIC24FJ256ga110 ANn,,,,,,,,,,,,,,,,,0,1,2,3,4,5,6,7,8,9,10,11,12,13,14,15,,,,,,,,,,,,,,,,,,,,,,,,,,,,,,,,,,,,,,,,,,,,,,,,,,,,,,,,,,,,,,,,,,,,,,,,,,,,,,,,
PIC24FJ256ga110 CNm,33,34,35,36,37,38,39,40,,41,42,,,,43,44,2,3,4,5,6,7,24,25,26,27,28,29,30,31,32,12,,45,46,47,48,,,,,,,,23,1,0,22,49,50,51,52,13,14,15,16,53,54,55,56,57,19,20,21,58,59,60,61,62,63,64,65,66,67,,,,,,,68,69,70,71,17,18,72,73,74,,,,75,76,,,77,78,83,84,,,8,9,10,11,,,79,80,81,82
PIC24FJ64ga010 RPy,,,,,,,,,,,,,,,,,,,,,,,,,,,,,,,,,,,,,,,,,,,,,,,,,,,,,,,,,,,,,,,,,,,,,,,,,,,,,,,,,,,,,,,,,,,,,,,,,,,,,,,,,,,,,,,,
PIC24FJ64ga010 ANn,,,,,,,,,,,,,,,,,0,1,2,3,4,5,6,7,8,9,10,11,12,13,14,15,,,,,,,,,,,,,,,,,,,,,,,,,,,,,,,,,,,,,,,,,,,,,,,,,,,,,,,,,,,,,,,,,,,,,,,,,,,,,,,,
PIC24FJ64ga010 CNm,,,,,,,,,,,,,,,,,2,3,4,5,6,7,,,,,,,,,,12,,,,,,,,,,,,,,1,0,,,,,,13,14,15,16,,,,,,19,20,21,,,,,,,,,,,,,,,,,,,,,17,18,,,,,,,,,,,,,,,,,8,9,10,11,,,,,,
PIC24FJ96ga010 RPy,,,,,,,,,,,,,,,,,,,,,,,,,,,,,,,,,,,,,,,,,,,,,,,,,,,,,,,,,,,,,,,,,,,,,,,,,,,,,,,,,,,,,,,,,,,,,,,,,,,,,,,,,,,,,,,,
PIC24FJ96ga010 ANn,,,,,,,,,,,,,,,,,0,1,2,3,4,5,6,7,8,9,10,11,12,13,14,15,,,,,,,,,,,,,,,,,,,,,,,,,,,,,,,,,,,,,,,,,,,,,,,,,,,,,,,,,,,,,,,,,,,,,,,,,,,,,,,,
PIC24FJ96ga010 CNm,,,,,,,,,,,,,,,,,2,3,4,5,6,7,,,,,,,,,,12,,,,,,,,,,,,,,1,0,,,,,,13,14,15,16,,,,,,19,20,21,,,,,,,,,,,,,,,,,,,,,17,18,,,,,,,,,,,,,,,,,8,9,10,11,,,,,,
PIC24FJ128ga010 RPy,,,,,,,,,,,,,,,,,,,,,,,,,,,,,,,,,,,,,,,,,,,,,,,,,,,,,,,,,,,,,,,,,,,,,,,,,,,,,,,,,,,,,,,,,,,,,,,,,,,,,,,,,,,,,,,,
PIC24FJ128ga010 ANn,,,,,,,,,,,,,,,,,0,1,2,3,4,5,6,7,8,9,10,11,12,13,14,15,,,,,,,,,,,,,,,,,,,,,,,,,,,,,,,,,,,,,,,,,,,,,,,,,,,,,,,,,,,,,,,,,,,,,,,,,,,,,,,,
PIC24FJ128ga010 CNm,,,,,,,,,,,,,,,,,2,3,4,5,6,7,,,,,,,,,,12,,,,,,,,,,,,,,1,0,,,,,,13,14,15,16,,,,,,19,20,21,,,,,,,,,,,,,,,,,,,,,17,18,,,,,,,,,,,,,,,,,8,9,10,11,,,,,,
PIC24FJ64gb110 RPy,,,,,,,,,,,,,,,,,0,1,13,,28,18,6,7,8,9,,,,,14,29,,,,,,,,,,,,,,,,,,,,,,,,,,,,,,,,,,,,,,,,,,,,,,,,,,,,,,,,,,,,,,,,,,,,,,,,,,,,,,,,
PIC24FJ64gb110 ANn,,,,,,,,,,,,,,,,,0,1,2,3,4,5,6,7,8,9,10,11,12,13,14,15,,,,,,,,,,,,,,,,,,,,,,,,,,,,,,,,,,,,,,,,,,,,,,,,,,,,,,,,,,,,,,,,,,,,,,,,,,,,,,,,
PIC24FJ64gb110 CNm,33,34,35,36,37,38,39,40,,41,42,,,,43,44,2,3,4,5,6,7,24,25,26,27,28,29,30,31,32,12,,45,46,47,48,,,,,,,,23,1,0,22,49,50,51,52,13,14,15,16,53,54,55,56,57,19,20,21,58,59,60,61,62,63,64,65,66,67,,,,,,,68,69,70,71,17,18,,,74,,,,75,76,,,77,78,,,,,8,9,10,11,,,79,80,81,82
PIC24FJ128gb110 RPy,,,,,,,,,,,,,,,,,0,1,13,,28,18,6,7,8,9,,,,,14,29,,,,,,,,,,,,,,,,,,,,,,,,,,,,,,,,,,,,,,,,,,,,,,,,,,,,,,,,,,,,,,,,,,,,,,,,,,,,,,,,
PIC24FJ128gb110 ANn,,,,,,,,,,,,,,,,,0,1,2,3,4,5,6,7,8,9,10,11,12,13,14,15,,,,,,,,,,,,,,,,,,,,,,,,,,,,,,,,,,,,,,,,,,,,,,,,,,,,,,,,,,,,,,,,,,,,,,,,,,,,,,,,
PIC24FJ128gb110 CNm,33,34,35,36,37,38,39,40,,41,42,,,,43,44,2,3,4,5,6,7,24,25,26,27,28,29,30,31,32,12,,45,46,47,48,,,,,,,,23,1,0,22,49,50,51,52,13,14,15,16,53,54,55,56,57,19,20,21,58,59,60,61,62,63,64,65,66,67,,,,,,,68,69,70,71,17,18,,,74,,,,75,76,,,77,78,,,,,8,9,10,11,,,79,80,81,82
PIC24FJ192gb110 RPy,,,,,,,,,,,,,,,,,0,1,13,,28,18,6,7,8,9,,,,,14,29,,,,,,,,,,,,,,,,,,,,,,,,,,,,,,,,,,,,,,,,,,,,,,,,,,,,,,,,,,,,,,,,,,,,,,,,,,,,,,,,
PIC24FJ192gb110 ANn,,,,,,,,,,,,,,,,,0,1,2,3,4,5,6,7,8,9,10,11,12,13,14,15,,,,,,,,,,,,,,,,,,,,,,,,,,,,,,,,,,,,,,,,,,,,,,,,,,,,,,,,,,,,,,,,,,,,,,,,,,,,,,,,
PIC24FJ192gb110 CNm,33,34,35,36,37,38,39,40,,41,42,,,,43,44,2,3,4,5,6,7,24,25,26,27,28,29,30,31,32,12,,45,46,47,48,,,,,,,,23,1,0,22,49,50,51,52,13,14,15,16,53,54,55,56,57,19,20,21,58,59,60,61,62,63,64,65,66,67,,,,,,,68,69,70,71,17,18,,,74,,,,75,76,,,77,78,,,,,8,9,10,11,,,79,80,81,82
PIC24FJ256gb110 RPy,,,,,,,,,,,,,,,,,0,1,13,,28,18,6,7,8,9,,,,,14,29,,,,,,,,,,,,,,,,,,,,,,,,,,,,,,,,,,,,,,,,,,,,,,,,,,,,,,,,,,,,,,,,,,,,,,,,,,,,,,,,
PIC24FJ256gb110 ANn,,,,,,,,,,,,,,,,,0,1,2,3,4,5,6,7,8,9,10,11,12,13,14,15,,,,,,,,,,,,,,,,,,,,,,,,,,,,,,,,,,,,,,,,,,,,,,,,,,,,,,,,,,,,,,,,,,,,,,,,,,,,,,,,
PIC24FJ256gb110 CNm,33,34,35,36,37,38,39,40,,41,42,,,,43,44,2,3,4,5,6,7,24,25,26,27,28,29,30,31,32,12,,45,46,47,48,,,,,,,,23,1,0,22,49,50,51,52,13,14,15,16,53,54,55,56,57,19,20,21,58,59,60,61,62,63,64,65,66,67,,,,,,,68,69,70,71,17,18,,,74,,,,75,76,,,77,78,,,,,8,9,10,11,,,79,80,81,82
PIC24FJ128ga108 RPy,,,,,,,,,,,,,,,,,0,1,13,,28,18,6,7,8,9,,,,,14,29,,,,,,,,,,,,,,,,,,,,,,,,,,,,,,,,,,,,,,,,,,,,,,,,,,,,,,,,,,,,,,,,,,,,,,,,,,,,,,,,
PIC24FJ128ga108 ANn,,,,,,,,,,,,,,,,,0,1,2,3,4,5,6,7,8,9,10,11,12,13,14,15,,,,,,,,,,,,,,,,,,,,,,,,,,,,,,,,,,,,,,,,,,,,,,,,,,,,,,,,,,,,,,,,,,,,,,,,,,,,,,,,
PIC24FJ128ga108 CNm,,,,,,,,,,41,42,,,,43,44,2,3,4,5,6,7,24,25,26,27,28,29,30,31,32,12,,45,,47,,,,,,,,,23,1,0,22,49,50,51,52,13,14,15,16,53,54,55,56,57,19,20,21,58,59,60,61,62,63,64,65,66,67,,,,,,,68,69,70,71,17,18,72,73,74,,,,,,,,,,83,84,,,8,9,10,11,,,,,,
PIC24FJ192ga108 RPy,,,,,,,,,,,,,,,,,0,1,13,,28,18,6,7,8,9,,,,,14,29,,,,,,,,,,,,,,,,,,,,,,,,,,,,,,,,,,,,,,,,,,,,,,,,,,,,,,,,,,,,,,,,,,,,,,,,,,,,,,,,
PIC24FJ192ga108 ANn,,,,,,,,,,,,,,,,,0,1,2,3,4,5,6,7,8,9,10,11,12,13,14,15,,,,,,,,,,,,,,,,,,,,,,,,,,,,,,,,,,,,,,,,,,,,,,,,,,,,,,,,,,,,,,,,,,,,,,,,,,,,,,,,
PIC24FJ192ga108 CNm,,,,,,,,,,41,42,,,,43,44,2,3,4,5,6,7,24,25,26,27,28,29,30,31,32,12,,45,,47,,,,,,,,,23,1,0,22,49,50,51,52,13,14,15,16,53,54,55,56,57,19,20,21,58,59,60,61,62,63,64,65,66,67,,,,,,,68,69,70,71,17,18,72,73,74,,,,,,,,,,83,84,,,8,9,10,11,,,,,,
PIC24FJ256ga108 RPy,,,,,,,,,,,,,,,,,0,1,13,,28,18,6,7,8,9,,,,,14,29,,,,,,,,,,,,,,,,,,,,,,,,,,,,,,,,,,,,,,,,,,,,,,,,,,,,,,,,,,,,,,,,,,,,,,,,,,,,,,,,
PIC24FJ256ga108 ANn,,,,,,,,,,,,,,,,,0,1,2,3,4,5,6,7,8,9,10,11,12,13,14,15,,,,,,,,,,,,,,,,,,,,,,,,,,,,,,,,,,,,,,,,,,,,,,,,,,,,,,,,,,,,,,,,,,,,,,,,,,,,,,,,
PIC24FJ256ga108 CNm,,,,,,,,,,41,42,,,,43,44,2,3,4,5,6,7,24,25,26,27,28,29,30,31,32,12,,45,,47,,,,,,,,,23,1,0,22,49,50,51,52,13,14,15,16,53,54,55,56,57,19,20,21,58,59,60,61,62,63,64,65,66,67,,,,,,,68,69,70,71,17,18,72,73,74,,,,,,,,,,83,84,,,8,9,10,11,,,,,,
PIC24FJ64ga008 RPy,,,,,,,,,,,,,,,,,,,,,,,,,,,,,,,,,,,,,,,,,,,,,,,,,,,,,,,,,,,,,,,,,,,,,,,,,,,,,,,,,,,,,,,,,,,,,,,,,,,,,,,,,,,,,,,,
PIC24FJ64ga008 ANn,,,,,,,,,,,,,,,,,0,1,2,3,4,5,6,7,8,9,10,11,12,13,14,15,,,,,,,,,,,,,,,,,,,,,,,,,,,,,,,,,,,,,,,,,,,,,,,,,,,,,,,,,,,,,,,,,,,,,,,,,,,,,,,,
PIC24FJ64ga008 CNm,,,,,,,,,,,,,,,,,2,3,4,5,6,7,,,,,,,,,,12,,,,,,,,,,,,,,1,0,,,,,,13,14,15,16,,,,,,19,20,21,,,,,,,,,,,,,,,,,,,,,17,18,,,,,,,,,,,,,,,,,8,9,10,11,,,,,,
PIC24FJ96ga008 RPy,,,,,,,,,,,,,,,,,,,,,,,,,,,,,,,,,,,,,,,,,,,,,,,,,,,,,,,,,,,,,,,,,,,,,,,,,,,,,,,,,,,,,,,,,,,,,,,,,,,,,,,,,,,,,,,,
PIC24FJ96ga008 ANn,,,,,,,,,,,,,,,,,0,1,2,3,4,5,6,7,8,9,10,11,12,13,14,15,,,,,,,,,,,,,,,,,,,,,,,,,,,,,,,,,,,,,,,,,,,,,,,,,,,,,,,,,,,,,,,,,,,,,,,,,,,,,,,,
PIC24FJ96ga008 CNm,,,,,,,,,,,,,,,,,2,3,4,5,6,7,,,,,,,,,,12,,,,,,,,,,,,,,1,0,,,,,,13,14,15,16,,,,,,19,20,21,,,,,,,,,,,,,,,,,,,,,17,18,,,,,,,,,,,,,,,,,8,9,10,11,,,,,,
PIC24FJ128ga008 RPy,,,,,,,,,,,,,,,,,,,,,,,,,,,,,,,,,,,,,,,,,,,,,,,,,,,,,,,,,,,,,,,,,,,,,,,,,,,,,,,,,,,,,,,,,,,,,,,,,,,,,,,,,,,,,,,,
PIC24FJ128ga008 ANn,,,,,,,,,,,,,,,,,0,1,2,3,4,5,6,7,8,9,10,11,12,13,14,15,,,,,,,,,,,,,,,,,,,,,,,,,,,,,,,,,,,,,,,,,,,,,,,,,,,,,,,,,,,,,,,,,,,,,,,,,,,,,,,,
PIC24FJ128ga008 CNm,,,,,,,,,,,,,,,,,2,3,4,5,6,7,,,,,,,,,,12,,,,,,,,,,,,,,1,0,,,,,,13,14,15,16,,,,,,19,20,21,,,,,,,,,,,,,,,,,,,,,17,18,,,,,,,,,,,,,,,,,8,9,10,11,,,,,,
PIC24FJ64gb108 RPy,,,,,,,,,,,,,,,,,0,1,13,,28,18,6,7,8,9,,,,,14,29,,,,,,,,,,,,,,,,,,,,,,,,,,,,,,,,,,,,,,,,,,,,,,,,,,,,,,,,,,,,,,,,,,,,,,,,,,,,,,,,
PIC24FJ64gb108 ANn,,,,,,,,,,,,,,,,,0,1,2,3,4,5,6,7,8,9,10,11,12,13,14,15,,,,,,,,,,,,,,,,,,,,,,,,,,,,,,,,,,,,,,,,,,,,,,,,,,,,,,,,,,,,,,,,,,,,,,,,,,,,,,,,
PIC24FJ64gb108 CNm,,,,,,,,,,41,42,,,,43,44,2,3,4,5,6,7,24,25,26,27,28,29,30,31,32,12,,45,,47,,,,,,,,,23,1,0,22,49,50,51,52,13,14,15,16,53,54,55,56,57,19,20,21,58,59,60,61,62,63,64,65,66,67,,,,,,,68,69,70,71,17,18,,,74,,,,,,,,,,,,,,8,9,10,11,,,,,,
PIC24FJ128gb108 RPy,,,,,,,,,,,,,,,,,0,1,13,,28,18,6,7,8,9,,,,,14,29,,,,,,,,,,,,,,,,,,,,,,,,,,,,,,,,,,,,,,,,,,,,,,,,,,,,,,,,,,,,,,,,,,,,,,,,,,,,,,,,
PIC24FJ128gb108 ANn,,,,,,,,,,,,,,,,,0,1,2,3,4,5,6,7,8,9,10,11,12,13,14,15,,,,,,,,,,,,,,,,,,,,,,,,,,,,,,,,,,,,,,,,,,,,,,,,,,,,,,,,,,,,,,,,,,,,,,,,,,,,,,,,
PIC24FJ128gb108 CNm,,,,,,,,,,41,42,,,,43,44,2,3,4,5,6,7,24,25,26,27,28,29,30,31,32,12,,45,,47,,,,,,,,,23,1,0,22,49,50,51,52,13,14,15,16,53,54,55,56,57,19,20,21,58,59,60,61,62,63,64,65,66,67,,,,,,,68,69,70,71,17,18,,,74,,,,,,,,,,,,,,8,9,10,11,,,,,,
PIC24FJ192gb108 RPy,,,,,,,,,,,,,,,,,0,1,13,,28,18,6,7,8,9,,,,,14,29,,,,,,,,,,,,,,,,,,,,,,,,,,,,,,,,,,,,,,,,,,,,,,,,,,,,,,,,,,,,,,,,,,,,,,,,,,,,,,,,
PIC24FJ192gb108 ANn,,,,,,,,,,,,,,,,,0,1,2,3,4,5,6,7,8,9,10,11,12,13,14,15,,,,,,,,,,,,,,,,,,,,,,,,,,,,,,,,,,,,,,,,,,,,,,,,,,,,,,,,,,,,,,,,,,,,,,,,,,,,,,,,
PIC24FJ192gb108 CNm,,,,,,,,,,41,42,,,,43,44,2,3,4,5,6,7,24,25,26,27,28,29,30,31,32,12,,45,,47,,,,,,,,,23,1,0,22,49,50,51,52,13,14,15,16,53,54,55,56,57,19,20,21,58,59,60,61,62,63,64,65,66,67,,,,,,,68,69,70,71,17,18,,,74,,,,,,,,,,,,,,8,9,10,11,,,,,,
PIC24FJ256gb108 RPy,,,,,,,,,,,,,,,,,0,1,13,,28,18,6,7,8,9,,,,,14,29,,,,,,,,,,,,,,,,,,,,,,,,,,,,,,,,,,,,,,,,,,,,,,,,,,,,,,,,,,,,,,,,,,,,,,,,,,,,,,,,
PIC24FJ256gb108 ANn,,,,,,,,,,,,,,,,,0,1,2,3,4,5,6,7,8,9,10,11,12,13,14,15,,,,,,,,,,,,,,,,,,,,,,,,,,,,,,,,,,,,,,,,,,,,,,,,,,,,,,,,,,,,,,,,,,,,,,,,,,,,,,,,
PIC24FJ256gb108 CNm,,,,,,,,,,41,42,,,,43,44,2,3,4,5,6,7,24,25,26,27,28,29,30,31,32,12,,45,,47,,,,,,,,,23,1,0,22,49,50,51,52,13,14,15,16,53,54,55,56,57,19,20,21,58,59,60,61,62,63,64,65,66,67,,,,,,,68,69,70,71,17,18,,,74,,,,,,,,,,,,,,8,9,10,11,,,,,,
